Табельный номер,Фамилия.И.О.,Пол,Год рождения,Год начала работы,Подразделение экономической деятельности,Должность,Состояние,Колличество предприятий
1,Беспятов Л. Ш.,Мужчина,1974,2022,Ульяновская область,Долл Миллионер,916000000,13
2,Мещеряков У. Р.,Мужчина,1979,2022,Ульяновская область,Руб Миллионер,433000000,12
3,Белоусова Ч. Ч.,Женщина,1978,2022,Казанская область,Руб Миллиардер,86000000,0
4,Церевитинов В. М.,Мужчина,2001,2022,Казанская область,Долл Миллионер,490000000,14
5,Мануилов Р. Ё.,Мужчина,1998,2022,Казанская область,Долл Миллиардер,890000000,9
6,Кузьмина Ю. Н.,Женщина,1991,2022,Республика Татарстан,Руб Миллиардер,176000000,9
7,Коновалова Щ. Э.,Женщина,1975,2022,Республика Татарстан,Долл Миллиардер,386000000,1
8,Пасечников Ч. Б.,Мужчина,2006,2022,Казанская область,Руб Миллиардер,360000000,2
9,Максимова Э. У.,Женщина,2000,2022,Казанская область,Долл Миллиардер,304000000,12
10,Антонова Ц. В.,Женщина,1982,2022,Казанская область,Руб Миллиардер,230000000,15
11,Сашенков У. У.,Мужчина,2008,2022,Республика Татарстан,Долл Миллионер,353000000,9
12,Шляхов Е. И.,Мужчина,1968,1986,Ульяновская область,Руб Миллионер,662000000,1
13,Ульяшков З. М.,Мужчина,1952,1974,Республика Татарстан,Руб Миллиардер,778000000,9
14,Лысоконь С. Е.,Мужчина,1974,2022,Ульяновская область,Руб Миллиардер,548000000,1
15,Быкова Б. Ё.,Женщина,1970,1989,Республика Татарстан,Руб Миллиардер,497000000,7
16,Левочко Б. Г.,Мужчина,1998,2022,Ульяновская область,Долл Миллиардер,250000000,12
17,Пономарёва О. Г.,Женщина,2010,2022,Казанская область,Долл Миллионер,54000000,1
18,Тикшаев Ш. Д.,Мужчина,1969,2022,Республика Татарстан,Долл Миллионер,194000000,7
19,Мышкин Ш. Т.,Мужчина,1981,2016,Республика Татарстан,Руб Миллионер,606000000,11
20,Борисова Щ. Ц.,Женщина,1979,2022,Казанская область,Руб Миллионер,889000000,0
21,Блинова Ц. Ж.,Женщина,1976,2022,Ульяновская область,Руб Миллионер,999000000,1
22,Романков М. Ц.,Мужчина,1987,2022,Казанская область,Руб Миллиардер,386000000,1
23,Химичев К. З.,Мужчина,1955,1970,Казанская область,Руб Миллиардер,853000000,1
24,Дударов Э. Ф.,Мужчина,1974,1994,Республика Татарстан,Долл Миллионер,228000000,13
25,Маркова Б. Ц.,Женщина,1957,2015,Ульяновская область,Руб Миллиардер,141000000,11
26,Горбунова Э. З.,Женщина,1966,2007,Республика Татарстан,Долл Миллионер,903000000,7
27,Ярунин Р. К.,Мужчина,2003,2022,Республика Татарстан,Руб Миллионер,369000000,6
28,Полевов Ш. Т.,Мужчина,1953,2022,Ульяновская область,Долл Миллионер,412000000,14
29,Власова Щ. И.,Женщина,1966,2009,Ульяновская область,Долл Миллионер,886000000,7
30,Семенищев Л. Я.,Мужчина,1984,2001,Казанская область,Долл Миллиардер,167000000,10
31,Миронова Ю. Т.,Женщина,1957,2022,Республика Татарстан,Руб Миллиардер,180000000,7
32,Горшкова Ж. М.,Женщина,1987,2022,Ульяновская область,Долл Миллионер,161000000,1
33,Авилкин О. Г.,Мужчина,1986,2016,Казанская область,Руб Миллионер,627000000,0
34,Аксёнова Ё. М.,Женщина,1975,2010,Республика Татарстан,Руб Миллиардер,108000000,5
35,Монюков Х. Б.,Мужчина,1996,2022,Ульяновская область,Долл Миллионер,653000000,15
36,Маковецкий А. У.,Мужчина,1953,1972,Казанская область,Долл Миллионер,537000000,14
37,Шевель Е. Т.,Мужчина,1959,2022,Ульяновская область,Руб Миллионер,391000000,8
38,Тарасова Е. С.,Женщина,1994,2022,Республика Татарстан,Руб Миллионер,754000000,14
39,Рыбакова Е. Ё.,Женщина,1991,2022,Республика Татарстан,Долл Миллионер,165000000,7
40,Филомафитский Н. Ш.,Мужчина,1981,2022,Казанская область,Руб Миллиардер,41000000,1
41,Севастьянов Л. О.,Мужчина,1992,2022,Республика Татарстан,Руб Миллиардер,329000000,5
42,Буянов Я. Э.,Мужчина,1967,2022,Ульяновская область,Долл Миллиардер,351000000,8
43,Филялин Н. Ш.,Мужчина,1971,2017,Ульяновская область,Руб Миллиардер,464000000,1
44,Поликарпочкин Ж. Ф.,Мужчина,2003,2022,Казанская область,Долл Миллиардер,489000000,1
45,Горячев Л. Ф.,Мужчина,2010,2022,Ульяновская область,Руб Миллионер,653000000,5
46,Овчинникова Н. Л.,Женщина,1958,1986,Казанская область,Руб Миллиардер,272000000,0
47,Мартынова Н. Ф.,Женщина,1976,2022,Ульяновская область,Долл Миллионер,912000000,13
48,Гренадеров М. Б.,Мужчина,1970,2019,Ульяновская область,Руб Миллиардер,324000000,13
49,Свиногузов О. У.,Мужчина,1953,1965,Ульяновская область,Долл Миллиардер,322000000,13
50,Плющай Ю. Е.,Мужчина,1972,2022,Республика Татарстан,Руб Миллиардер,726000000,12
51,Копылова Ю. М.,Женщина,1950,2022,Казанская область,Руб Миллионер,74000000,6
52,Файзуллин Й. Ф.,Мужчина,1984,1997,Ульяновская область,Долл Миллиардер,241000000,2
53,Хатьянов О. Р.,Мужчина,1982,2022,Казанская область,Долл Миллиардер,805000000,15
54,Егорова А. А.,Женщина,1991,2022,Казанская область,Долл Миллионер,381000000,1
55,Дмитриева С. О.,Женщина,1973,2021,Казанская область,Долл Миллионер,255000000,13
56,Кузьмина О. А.,Женщина,1981,2013,Республика Татарстан,Руб Миллиардер,294000000,5
57,Ильина Ч. Ж.,Женщина,1953,2002,Ульяновская область,Руб Миллиардер,225000000,12
58,Большакова В. И.,Женщина,1976,2022,Республика Татарстан,Руб Миллиардер,304000000,9
59,Антонова А. О.,Женщина,1967,1995,Республика Татарстан,Долл Миллионер,838000000,1
60,Даньков Н. Е.,Мужчина,1967,2022,Республика Татарстан,Руб Миллиардер,994000000,10
61,Ларюшин К. М.,Мужчина,1969,1996,Республика Татарстан,Долл Миллионер,720000000,10
62,Комарова Д. И.,Женщина,1960,1980,Ульяновская область,Долл Миллиардер,207000000,1
63,Горлатов Ю. Щ.,Мужчина,1969,2022,Казанская область,Долл Миллиардер,854000000,11
64,Дымкин Е. Ё.,Мужчина,1965,2022,Республика Татарстан,Долл Миллионер,389000000,2
65,Молоков К. Ц.,Мужчина,1986,2019,Республика Татарстан,Долл Миллиардер,11000000,4
66,Кудрявцева Ч. Э.,Женщина,1996,2022,Республика Татарстан,Руб Миллиардер,402000000,15
67,Соболева Я. Ц.,Женщина,1974,2012,Ульяновская область,Долл Миллионер,821000000,5
68,Фавсткин Л. М.,Мужчина,1959,1972,Казанская область,Руб Миллиардер,209000000,8
69,Баранова Я. Е.,Женщина,1987,2022,Ульяновская область,Руб Миллиардер,779000000,1
70,Анисимова Я. Р.,Женщина,1991,2022,Ульяновская область,Долл Миллиардер,352000000,3
71,Шкода Б. Э.,Мужчина,1950,2022,Республика Татарстан,Долл Миллиардер,444000000,10
72,Лисовицкий У. Н.,Мужчина,1975,2022,Республика Татарстан,Долл Миллионер,817000000,10
73,Самойленко С. П.,Мужчина,1972,2022,Казанская область,Руб Миллионер,795000000,12
74,Николаева П. Ц.,Женщина,1991,2013,Казанская область,Руб Миллиардер,718000000,0
75,Рябова А. З.,Женщина,1964,2015,Республика Татарстан,Руб Миллиардер,643000000,11
76,Карабейников О. Д.,Мужчина,2007,2022,Ульяновская область,Руб Миллионер,570000000,3
77,Оров Ж. З.,Мужчина,2005,2022,Казанская область,Руб Миллиардер,631000000,8
78,Захарова Р. Н.,Женщина,1986,2022,Республика Татарстан,Руб Миллионер,706000000,7
79,Туктамышев Ж. Щ.,Мужчина,1965,2022,Ульяновская область,Руб Миллиардер,942000000,12
80,Павлюченко Щ. Ю.,Мужчина,2002,2022,Республика Татарстан,Долл Миллиардер,433000000,7
81,Мариненко Ф. З.,Мужчина,2009,2022,Республика Татарстан,Руб Миллиардер,412000000,4
82,Снежко Я. Г.,Мужчина,1967,1997,Ульяновская область,Долл Миллионер,263000000,4
83,Пастухов П. Л.,Мужчина,1954,2001,Казанская область,Долл Миллионер,732000000,8
84,Прусаков О. Ц.,Мужчина,1961,2022,Казанская область,Долл Миллионер,471000000,13
85,Шестакова О. П.,Женщина,1956,1991,Казанская область,Долл Миллионер,292000000,7
86,Орлова Х. Ш.,Женщина,2005,2022,Республика Татарстан,Руб Миллиардер,452000000,0
87,Кудряшова Ш. Х.,Женщина,1961,2022,Ульяновская область,Руб Миллиардер,776000000,2
88,Кабаков Ю. Х.,Мужчина,1961,2022,Казанская область,Руб Миллионер,561000000,8
89,Мокиевич С. Й.,Мужчина,1999,2022,Республика Татарстан,Долл Миллиардер,41000000,1
90,Дядюгин П. Д.,Мужчина,1977,2022,Казанская область,Долл Миллиардер,144000000,9
91,Таныгин Ж. Т.,Мужчина,1960,2022,Ульяновская область,Руб Миллиардер,832000000,13
92,Филиппова Е. С.,Женщина,1996,2022,Ульяновская область,Долл Миллионер,661000000,0
93,Хлебодаров Й. О.,Мужчина,1966,2012,Республика Татарстан,Долл Миллионер,372000000,13
94,Ширяева И. Д.,Женщина,1984,2022,Казанская область,Долл Миллиардер,145000000,13
95,Рыленков Б. Ц.,Мужчина,1966,2022,Ульяновская область,Долл Миллионер,761000000,11
96,Фролова Щ. С.,Женщина,1951,1993,Казанская область,Руб Миллионер,521000000,12
97,Николаева Г. Э.,Женщина,1973,1985,Республика Татарстан,Руб Миллионер,821000000,11
98,Суханова Ф. Е.,Женщина,1988,2017,Казанская область,Долл Миллиардер,899000000,2
99,Суворова Ф. П.,Женщина,1959,2022,Республика Татарстан,Долл Миллионер,581000000,6
100,Ширяева Т. Е.,Женщина,1961,2001,Республика Татарстан,Долл Миллиардер,584000000,11
101,Полев Н. Ф.,Мужчина,1998,2022,Ульяновская область,Руб Миллионер,607000000,10
102,Долгоносов К. С.,Мужчина,1999,2022,Казанская область,Долл Миллионер,349000000,2
103,Бакулин М. Е.,Мужчина,1975,2004,Казанская область,Долл Миллиардер,913000000,0
104,Лев Ш. Г.,Мужчина,1987,2022,Республика Татарстан,Руб Миллионер,279000000,3
105,Коломнин Ю. Е.,Мужчина,1993,2022,Республика Татарстан,Долл Миллиардер,384000000,3
106,Антонова И. Е.,Женщина,1994,2022,Республика Татарстан,Долл Миллиардер,480000000,4
107,Калинина С. Ф.,Женщина,1954,1981,Республика Татарстан,Долл Миллионер,195000000,1
108,Рябова Т. Ч.,Женщина,1959,2022,Ульяновская область,Долл Миллионер,189000000,11
109,Барабан А. С.,Мужчина,2004,2022,Казанская область,Долл Миллионер,842000000,14
110,Кузьмина Д. Н.,Женщина,1957,2022,Ульяновская область,Долл Миллионер,265000000,13
111,Михеева Ц. Щ.,Женщина,1969,2008,Ульяновская область,Руб Миллионер,312000000,2
112,Жукова А. Й.,Женщина,1986,2022,Республика Татарстан,Руб Миллионер,538000000,3
113,Емельянова Л. Ю.,Женщина,1954,1987,Казанская область,Долл Миллионер,486000000,14
114,Белова К. Е.,Женщина,1974,1987,Казанская область,Долл Миллионер,889000000,10
115,Якутин Ч. И.,Мужчина,1956,2022,Республика Татарстан,Долл Миллиардер,623000000,7
116,Цирихов Ц. Ц.,Мужчина,1957,1980,Казанская область,Руб Миллионер,282000000,0
117,Суворова Ц. Я.,Женщина,2002,2022,Республика Татарстан,Долл Миллиардер,735000000,12
118,Мокешин Ж. Ф.,Мужчина,1978,2022,Ульяновская область,Долл Миллионер,355000000,1
119,Дюкин К. Р.,Мужчина,1965,2022,Ульяновская область,Долл Миллиардер,272000000,10
120,Орлова Х. Н.,Женщина,2000,2022,Ульяновская область,Долл Миллионер,50000000,5
121,Хохлачев Р. Б.,Мужчина,2010,2022,Ульяновская область,Руб Миллионер,748000000,11
122,Алексеева Э. М.,Женщина,2004,2022,Казанская область,Долл Миллиардер,937000000,15
123,Неретин Д. М.,Мужчина,1984,2013,Республика Татарстан,Руб Миллиардер,624000000,7
124,Харинов Ж. У.,Мужчина,1975,2022,Казанская область,Долл Миллиардер,15000000,4
125,Осипова Н. Ч.,Женщина,1951,1972,Республика Татарстан,Руб Миллиардер,426000000,10
126,Архипова Р. К.,Женщина,1961,1988,Ульяновская область,Долл Миллионер,153000000,13
127,Журавлёва Ч. Ш.,Женщина,1968,2022,Казанская область,Долл Миллиардер,354000000,3
128,Безлейкин Г. У.,Мужчина,1988,2022,Казанская область,Руб Миллиардер,197000000,3
129,Харченко Р. И.,Мужчина,1981,2022,Ульяновская область,Долл Миллионер,172000000,13
130,Громова Т. Ч.,Женщина,1963,2019,Республика Татарстан,Долл Миллионер,800000000,7
131,Авдонин Л. Д.,Мужчина,1993,2022,Республика Татарстан,Долл Миллиардер,358000000,14
132,Платонычев И. Ц.,Мужчина,1957,2022,Ульяновская область,Долл Миллионер,874000000,15
133,Гусева Е. Ф.,Женщина,1986,2011,Казанская область,Руб Миллионер,499000000,2
134,Суворова Ц. В.,Женщина,1980,1999,Казанская область,Долл Миллионер,146000000,14
135,Перегудов М. Г.,Мужчина,1950,1986,Ульяновская область,Долл Миллиардер,967000000,7
136,Пилипчук Ш. Б.,Мужчина,2009,2022,Ульяновская область,Руб Миллиардер,949000000,3
137,Соболева Г. Т.,Женщина,1989,2022,Республика Татарстан,Руб Миллионер,993000000,13
138,Тарасьев А. Ю.,Мужчина,2009,2022,Казанская область,Руб Миллионер,898000000,12
139,Цыборов Е. А.,Мужчина,1958,1993,Казанская область,Руб Миллионер,833000000,14
140,Шетнев Г. Э.,Мужчина,1983,2013,Республика Татарстан,Руб Миллиардер,997000000,3
141,Журавлёва Ю. К.,Женщина,1974,2022,Казанская область,Долл Миллионер,977000000,6
142,Козелл Г. Ё.,Мужчина,1963,2004,Республика Татарстан,Долл Миллиардер,311000000,0
143,Полякова Я. С.,Женщина,1965,2015,Республика Татарстан,Долл Миллиардер,224000000,2
144,Русских Э. Щ.,Мужчина,1986,2022,Ульяновская область,Руб Миллионер,773000000,8
145,Виниченко Ц. Ш.,Мужчина,1961,1999,Ульяновская область,Руб Миллиардер,653000000,11
146,Крылова Ж. П.,Женщина,1958,2014,Казанская область,Долл Миллиардер,935000000,11
147,Миронова Б. Б.,Женщина,1984,2022,Казанская область,Руб Миллиардер,996000000,11
148,Наговицын У. Д.,Мужчина,1967,1993,Казанская область,Долл Миллионер,734000000,1
149,Вознесенский Ц. У.,Мужчина,1962,2022,Казанская область,Руб Миллиардер,787000000,5
150,Мухина Ж. Р.,Женщина,1975,2022,Ульяновская область,Руб Миллиардер,161000000,1
151,Киселёва Л. Ц.,Женщина,1958,1974,Республика Татарстан,Долл Миллиардер,946000000,1
152,Жукова Д. Л.,Женщина,1975,2022,Казанская область,Руб Миллионер,780000000,3
153,Ларченко Ч. Ю.,Мужчина,1966,2003,Республика Татарстан,Долл Миллиардер,102000000,7
154,Киселёва Д. Ё.,Женщина,1969,2022,Республика Татарстан,Долл Миллиардер,512000000,14
155,Флегонтов И. Р.,Мужчина,1955,2022,Казанская область,Руб Миллиардер,547000000,10
156,Шапира Ж. Т.,Мужчина,1980,2022,Ульяновская область,Долл Миллиардер,657000000,15
157,Шестакова З. Б.,Женщина,1985,2022,Республика Татарстан,Долл Миллионер,335000000,9
158,Питонов Р. М.,Мужчина,1992,2022,Казанская область,Руб Миллионер,777000000,0
159,Петюнин С. Я.,Мужчина,1964,2022,Республика Татарстан,Руб Миллионер,922000000,9
160,Шелогин Й. С.,Мужчина,1959,2022,Ульяновская область,Долл Миллиардер,964000000,13
161,Медведева Р. П.,Женщина,2003,2022,Республика Татарстан,Долл Миллиардер,221000000,11
162,Гусева Т. В.,Женщина,1955,1992,Республика Татарстан,Руб Миллионер,602000000,1
163,Кулигин Т. К.,Мужчина,1986,2022,Казанская область,Руб Миллионер,258000000,4
164,Гребенщиков Б. Х.,Мужчина,1992,2018,Казанская область,Долл Миллиардер,229000000,2
165,Куприк М. Ц.,Мужчина,1999,2022,Ульяновская область,Долл Миллионер,617000000,0
166,Тимошевич О. В.,Мужчина,1997,2022,Ульяновская область,Долл Миллионер,204000000,3
167,Сергеева У. Ф.,Женщина,1988,2000,Республика Татарстан,Долл Миллионер,814000000,14
168,Попадьин Ц. Х.,Мужчина,1982,2022,Казанская область,Долл Миллиардер,807000000,15
169,Суворова Ч. Л.,Женщина,1987,2001,Ульяновская область,Долл Миллиардер,172000000,1
170,Маслова М. Й.,Женщина,1977,2022,Ульяновская область,Руб Миллиардер,98000000,7
171,Орлова Щ. Й.,Женщина,1975,2022,Ульяновская область,Руб Миллионер,931000000,8
172,Сайков Н. Ю.,Мужчина,1976,1993,Казанская область,Руб Миллиардер,108000000,9
173,Фадеев Ю. Ф.,Мужчина,1953,1971,Республика Татарстан,Долл Миллионер,981000000,9
174,Лавриков А. А.,Мужчина,1954,2022,Республика Татарстан,Руб Миллионер,246000000,12
175,Степанова Ю. Н.,Женщина,1965,2011,Республика Татарстан,Руб Миллиардер,766000000,8
176,Осипова З. П.,Женщина,2002,2022,Республика Татарстан,Долл Миллиардер,106000000,12
177,Якобсон Й. С.,Мужчина,1993,2022,Республика Татарстан,Долл Миллионер,990000000,2
178,Давыдова Ш. Ж.,Женщина,1993,2022,Ульяновская область,Долл Миллионер,205000000,0
179,Каширцев Ф. В.,Мужчина,1987,2022,Казанская область,Долл Миллиардер,264000000,13
180,Щербакова С. Э.,Женщина,1999,2022,Ульяновская область,Руб Миллионер,824000000,12
181,Ершова Б. С.,Женщина,1973,2022,Республика Татарстан,Долл Миллиардер,778000000,10
182,Щербакова Й. В.,Женщина,1971,1994,Казанская область,Долл Миллиардер,965000000,15
183,Косоротов Ж. Щ.,Мужчина,1967,2022,Республика Татарстан,Долл Миллиардер,657000000,9
184,Фролова Э. З.,Женщина,1971,2022,Казанская область,Руб Миллиардер,68000000,1
185,Садомов А. Р.,Мужчина,1980,2022,Казанская область,Долл Миллионер,598000000,8
186,Ртищев Щ. В.,Мужчина,1959,2022,Ульяновская область,Долл Миллионер,398000000,6
187,Полякова М. М.,Женщина,1965,2022,Казанская область,Долл Миллионер,171000000,15
188,Орлова Р. Р.,Женщина,1985,2022,Ульяновская область,Руб Миллиардер,982000000,8
189,Мартышкин Ф. Х.,Мужчина,1975,1996,Ульяновская область,Долл Миллиардер,753000000,12
190,Востров Н. З.,Мужчина,1958,2022,Ульяновская область,Руб Миллиардер,947000000,8
191,Дудник Г. Г.,Мужчина,1981,2022,Казанская область,Руб Миллиардер,65000000,3
192,Карандышев Г. Я.,Мужчина,1964,2022,Казанская область,Долл Миллионер,661000000,6
193,Жукова Ж. Х.,Женщина,2006,2022,Республика Татарстан,Долл Миллионер,878000000,13
194,Серебряный Я. М.,Мужчина,1998,2022,Ульяновская область,Руб Миллиардер,386000000,11
195,Малявин Ю. А.,Мужчина,1973,2022,Ульяновская область,Долл Миллионер,199000000,10
196,Роговский Н. Т.,Мужчина,2004,2022,Ульяновская область,Руб Миллионер,910000000,12
197,Куликова У. Ч.,Женщина,1959,2022,Республика Татарстан,Долл Миллиардер,563000000,5
198,Чекалов О. Ц.,Мужчина,1993,2014,Ульяновская область,Руб Миллионер,491000000,12
199,Щигровский И. Т.,Мужчина,1967,1999,Республика Татарстан,Долл Миллиардер,322000000,2
200,Фролова Ц. С.,Женщина,1962,2013,Ульяновская область,Руб Миллионер,274000000,11
201,Соболева В. С.,Женщина,1964,2022,Казанская область,Долл Миллионер,110000000,7
202,Пономарёва Б. З.,Женщина,2004,2022,Ульяновская область,Долл Миллиардер,147000000,12
203,Горшкова В. И.,Женщина,1984,2022,Казанская область,Долл Миллиардер,494000000,3
204,Захарова Т. Я.,Женщина,2005,2022,Ульяновская область,Руб Миллионер,480000000,14
205,Девяткин Щ. У.,Мужчина,1983,2022,Республика Татарстан,Руб Миллионер,523000000,6
206,Калинина Б. С.,Женщина,1985,2018,Казанская область,Долл Миллиардер,7000000,12
207,Безызвестных Й. К.,Мужчина,2001,2022,Республика Татарстан,Руб Миллионер,575000000,11
208,Балмашов Э. Ш.,Мужчина,1989,2022,Казанская область,Руб Миллионер,931000000,0
209,Фарапонов Г. М.,Мужчина,1999,2022,Ульяновская область,Руб Миллиардер,54000000,1
210,Кузьмина Р. О.,Женщина,2006,2022,Ульяновская область,Долл Миллиардер,220000000,11
211,Фролова Ё. Ж.,Женщина,1979,2015,Казанская область,Руб Миллиардер,789000000,9
212,Вакульчук Д. Н.,Мужчина,1986,2022,Казанская область,Руб Миллионер,152000000,7
213,Горбышев С. И.,Мужчина,1957,2022,Казанская область,Руб Миллиардер,659000000,4
214,Калугин Г. П.,Мужчина,1959,2022,Ульяновская область,Руб Миллионер,144000000,10
215,Гаврилова Ч. Ф.,Женщина,1965,2016,Ульяновская область,Долл Миллиардер,584000000,2
216,Горшкова Я. Ф.,Женщина,2001,2022,Ульяновская область,Руб Миллионер,695000000,6
217,Глебов С. Х.,Мужчина,1992,2022,Республика Татарстан,Руб Миллионер,442000000,15
218,Наполеонов О. Л.,Мужчина,1957,1972,Ульяновская область,Долл Миллиардер,106000000,12
219,Татьянич Й. Д.,Мужчина,2002,2022,Республика Татарстан,Руб Миллиардер,339000000,3
220,Копылова Ж. У.,Женщина,1995,2022,Республика Татарстан,Руб Миллионер,645000000,12
221,Пилипюк Т. Я.,Мужчина,1987,1999,Ульяновская область,Руб Миллиардер,537000000,15
222,Кузьмичев Д. Т.,Мужчина,1987,2022,Республика Татарстан,Руб Миллиардер,538000000,4
223,Комарова Ж. Т.,Женщина,1979,2022,Ульяновская область,Долл Миллиардер,629000000,11
224,Глубоковсих Ф. Э.,Мужчина,1980,2022,Ульяновская область,Руб Миллиардер,366000000,14
225,Оловянников Ф. Е.,Мужчина,1980,2022,Ульяновская область,Руб Миллионер,315000000,14
226,Поляничкин Ф. У.,Мужчина,1961,2016,Ульяновская область,Долл Миллионер,651000000,0
227,Беляева Г. С.,Женщина,1970,1994,Ульяновская область,Долл Миллиардер,564000000,14
228,Мазыра Ц. Г.,Мужчина,2007,2022,Ульяновская область,Руб Миллиардер,620000000,2
229,Большакова З. В.,Женщина,1962,2022,Республика Татарстан,Долл Миллиардер,955000000,0
230,Тарасенко Ж. Е.,Мужчина,1984,2022,Ульяновская область,Руб Миллионер,236000000,12
231,Дудоров М. Ж.,Мужчина,1953,2022,Ульяновская область,Долл Миллионер,444000000,8
232,Маркова Ж. Ю.,Женщина,1986,2006,Казанская область,Руб Миллионер,646000000,12
233,Трегубо Щ. З.,Мужчина,1996,2022,Казанская область,Долл Миллионер,40000000,13
234,Маркова В. Ж.,Женщина,2003,2022,Казанская область,Долл Миллионер,285000000,9
235,Сергеева Л. Ч.,Женщина,2010,2022,Республика Татарстан,Долл Миллионер,527000000,6
236,Карпова С. Ж.,Женщина,1974,2019,Республика Татарстан,Долл Миллиардер,252000000,10
237,Борисова А. Ё.,Женщина,2003,2022,Республика Татарстан,Долл Миллионер,105000000,9
238,Розторгуев Б. Л.,Мужчина,1954,2022,Казанская область,Долл Миллиардер,214000000,11
239,Макарова Т. Э.,Женщина,2002,2018,Республика Татарстан,Долл Миллиардер,776000000,13
240,Пшеничников Л. Я.,Мужчина,1963,2022,Казанская область,Долл Миллиардер,389000000,13
241,Шестакова Я. Ш.,Женщина,1960,2022,Казанская область,Долл Миллиардер,188000000,8
242,Авдаков Я. Л.,Мужчина,1978,2022,Республика Татарстан,Руб Миллионер,532000000,13
243,Каргополов К. Е.,Мужчина,1993,2022,Казанская область,Долл Миллиардер,105000000,3
244,Афанасьева Т. Т.,Женщина,1986,2022,Казанская область,Долл Миллионер,976000000,13
245,Миронова С. И.,Женщина,1984,2022,Ульяновская область,Руб Миллионер,532000000,5
246,Хитин К. Ж.,Мужчина,1957,2022,Республика Татарстан,Руб Миллионер,64000000,12
247,Быкова Ш. Б.,Женщина,1994,2022,Ульяновская область,Руб Миллиардер,150000000,7
248,Коновалова Л. К.,Женщина,1958,1991,Республика Татарстан,Долл Миллиардер,452000000,9
249,Степанова К. А.,Женщина,1992,2022,Республика Татарстан,Руб Миллионер,129000000,9
250,Савельева Ч. Ё.,Женщина,2008,2022,Ульяновская область,Руб Миллионер,498000000,13
251,Мартынова Ж. К.,Женщина,2009,2022,Республика Татарстан,Руб Миллионер,612000000,13
252,Александрова Ж. Б.,Женщина,2005,2022,Казанская область,Руб Миллионер,387000000,3
253,Догоног Ц. З.,Мужчина,1994,2022,Казанская область,Руб Миллиардер,997000000,15
254,Миронова Д. Ё.,Женщина,1983,2022,Ульяновская область,Руб Миллионер,843000000,11
255,Медовников Р. Т.,Мужчина,1986,2022,Ульяновская область,Руб Миллионер,598000000,10
256,Жукова Я. Э.,Женщина,1985,2022,Ульяновская область,Руб Миллионер,304000000,1
257,Автомонов О. П.,Мужчина,1967,2022,Казанская область,Руб Миллионер,570000000,13
258,Финогенов Т. Ё.,Мужчина,1952,1983,Казанская область,Руб Миллионер,830000000,1
259,Янюшкин Ц. Э.,Мужчина,1989,2022,Ульяновская область,Руб Миллионер,802000000,2
260,Кокурин Л. Ш.,Мужчина,1957,1989,Ульяновская область,Руб Миллиардер,135000000,15
261,Гайдучков М. З.,Мужчина,1977,2022,Республика Татарстан,Долл Миллиардер,412000000,5
262,Кованьков Ж. Й.,Мужчина,1998,2022,Казанская область,Долл Миллионер,433000000,2
263,Кадышев Ч. О.,Мужчина,1990,2022,Казанская область,Руб Миллионер,934000000,5
264,Насекин В. Н.,Мужчина,1968,2022,Казанская область,Руб Миллионер,38000000,1
265,Степанова Н. Т.,Женщина,1975,2016,Ульяновская область,Долл Миллионер,590000000,8
266,Басистов Ё. Е.,Мужчина,1958,1999,Республика Татарстан,Руб Миллиардер,783000000,12
267,Данилова Т. Я.,Женщина,2007,2022,Республика Татарстан,Руб Миллиардер,198000000,2
268,Олупов С. К.,Мужчина,1971,2012,Ульяновская область,Руб Миллиардер,715000000,14
269,Городнов Л. Ё.,Мужчина,1998,2022,Казанская область,Руб Миллионер,660000000,1
270,Аксёнова Х. И.,Женщина,1955,2006,Казанская область,Долл Миллионер,800000000,13
271,Осоргин В. Г.,Мужчина,1978,2022,Республика Татарстан,Долл Миллиардер,108000000,12
272,Трусаков И. Е.,Мужчина,1951,1969,Республика Татарстан,Руб Миллионер,193000000,0
273,Тихонова А. Щ.,Женщина,1969,1984,Республика Татарстан,Долл Миллионер,112000000,14
274,Максимова Т. Л.,Женщина,1976,2022,Казанская область,Долл Миллионер,303000000,6
275,Лаврин Б. М.,Мужчина,1962,2022,Республика Татарстан,Руб Миллионер,736000000,0
276,Сквирский Ц. М.,Мужчина,1977,1991,Ульяновская область,Руб Миллиардер,158000000,1
277,Калинина Щ. З.,Женщина,1964,2015,Ульяновская область,Руб Миллионер,781000000,10
278,Колесникова Д. М.,Женщина,1966,2022,Республика Татарстан,Долл Миллионер,473000000,2
279,Полякова З. Й.,Женщина,1950,2022,Ульяновская область,Долл Миллиардер,129000000,11
280,Швед Ф. Ж.,Мужчина,1990,2022,Республика Татарстан,Долл Миллиардер,997000000,1
281,Рагозинин Ж. С.,Мужчина,1968,2022,Ульяновская область,Руб Миллионер,833000000,15
282,Трофимова Б. С.,Женщина,1993,2011,Казанская область,Руб Миллиардер,624000000,11
283,Емельянова Щ. Ц.,Женщина,1956,2010,Казанская область,Руб Миллионер,438000000,7
284,Щербакова Ц. Е.,Женщина,1986,2022,Ульяновская область,Руб Миллионер,399000000,2
285,Исакова Д. Б.,Женщина,1976,2022,Республика Татарстан,Долл Миллионер,929000000,12
286,Веденялин Е. Ч.,Мужчина,1987,2022,Ульяновская область,Долл Миллиардер,589000000,7
287,Гусева А. Щ.,Женщина,1974,2022,Казанская область,Долл Миллионер,843000000,2
288,Денисова Е. Щ.,Женщина,1996,2022,Ульяновская область,Долл Миллионер,541000000,11
289,Григорьева К. Ю.,Женщина,1958,2022,Ульяновская область,Долл Миллиардер,75000000,3
290,Копорский А. И.,Мужчина,1971,2008,Ульяновская область,Долл Миллионер,805000000,9
291,Моклашин Т. Я.,Мужчина,2004,2022,Республика Татарстан,Долл Миллиардер,189000000,0
292,Ширяева Ф. Ю.,Женщина,1977,2022,Ульяновская область,Руб Миллионер,256000000,15
293,Кудряшова Д. Я.,Женщина,1970,2004,Ульяновская область,Руб Миллионер,838000000,4
294,Дмитриева Л. Г.,Женщина,1966,1990,Республика Татарстан,Руб Миллиардер,394000000,3
295,Никифорова Н. Ч.,Женщина,1966,1987,Ульяновская область,Руб Миллиардер,551000000,7
296,Лайков Ю. Щ.,Мужчина,1968,2022,Ульяновская область,Долл Миллионер,481000000,5
297,Казеев Я. Щ.,Мужчина,1998,2022,Республика Татарстан,Долл Миллионер,712000000,5
298,Витенев Я. А.,Мужчина,1965,1988,Ульяновская область,Долл Миллионер,61000000,12
299,Макарь Е. З.,Мужчина,2009,2022,Республика Татарстан,Руб Миллионер,116000000,5
300,Чердынин К. С.,Мужчина,2001,2022,Казанская область,Долл Миллионер,395000000,5
301,Маркова М. Н.,Женщина,2007,2022,Казанская область,Руб Миллиардер,212000000,8
302,Цигенбаум Ё. П.,Мужчина,2005,2022,Ульяновская область,Руб Миллионер,393000000,9
303,Давыдова Д. Ц.,Женщина,1954,2022,Ульяновская область,Руб Миллиардер,732000000,5
304,Быкова Б. С.,Женщина,1977,2022,Республика Татарстан,Руб Миллиардер,31000000,2
305,Комарова Ф. Э.,Женщина,1993,2022,Ульяновская область,Руб Миллиардер,566000000,8
306,Яковлева М. И.,Женщина,1998,2022,Казанская область,Руб Миллиардер,352000000,15
307,Анисимова П. Е.,Женщина,1975,1987,Казанская область,Долл Миллиардер,10000000,7
308,Рябова Д. А.,Женщина,2002,2022,Республика Татарстан,Долл Миллиардер,688000000,2
309,Ковалёва Г. Б.,Женщина,1979,2022,Ульяновская область,Долл Миллионер,449000000,13
310,Устюжников Я. Р.,Мужчина,1954,2022,Республика Татарстан,Долл Миллионер,296000000,1
311,Дорофеева Н. Й.,Женщина,1953,2022,Казанская область,Руб Миллиардер,673000000,7
312,Ковтун Ж. Й.,Мужчина,1981,2022,Казанская область,Руб Миллионер,216000000,3
313,Миронова Н. Л.,Женщина,1983,2022,Казанская область,Долл Миллионер,696000000,3
314,Ленов И. Д.,Мужчина,1962,2002,Казанская область,Долл Миллионер,494000000,7
315,Архипова Э. Е.,Женщина,1960,2004,Республика Татарстан,Руб Миллиардер,303000000,0
316,Колесникова Ш. Ц.,Женщина,1966,1995,Республика Татарстан,Долл Миллионер,968000000,13
317,Тульчинский Т. В.,Мужчина,1966,2012,Республика Татарстан,Руб Миллионер,838000000,4
318,Леньков М. И.,Мужчина,1960,1984,Казанская область,Руб Миллиардер,930000000,4
319,Миронова Ч. Х.,Женщина,1952,1975,Казанская область,Долл Миллиардер,119000000,15
320,Гагрин Т. Н.,Мужчина,1979,2022,Республика Татарстан,Руб Миллиардер,74000000,14
321,Демьянок Ё. Ф.,Мужчина,2003,2022,Республика Татарстан,Руб Миллиардер,818000000,11
322,Журавлёва Ш. К.,Женщина,1990,2022,Республика Татарстан,Руб Миллиардер,651000000,11
323,Герасимова Ч. Д.,Женщина,1992,2022,Ульяновская область,Долл Миллионер,725000000,3
324,Фролова А. О.,Женщина,1979,2022,Республика Татарстан,Долл Миллионер,447000000,4
325,Никифорова В. К.,Женщина,1958,2008,Ульяновская область,Руб Миллионер,982000000,4
326,Данилова Ё. Ю.,Женщина,2010,2022,Казанская область,Долл Миллиардер,756000000,8
327,Макарова П. З.,Женщина,2005,2022,Республика Татарстан,Долл Миллионер,97000000,2
328,Дмитриева К. Н.,Женщина,1951,2022,Казанская область,Долл Миллиардер,664000000,11
329,Маганов Т. Г.,Мужчина,1952,2022,Республика Татарстан,Руб Миллионер,147000000,8
330,Маевич Ч. Ц.,Мужчина,1957,2022,Республика Татарстан,Долл Миллионер,864000000,2
331,Хренов К. Ю.,Мужчина,1970,2022,Республика Татарстан,Руб Миллиардер,370000000,3
332,Марисов П. Д.,Мужчина,1962,2022,Республика Татарстан,Долл Миллионер,785000000,7
333,Зуева К. У.,Женщина,1978,2022,Ульяновская область,Долл Миллиардер,628000000,1
334,Никитина М. Т.,Женщина,1963,2022,Ульяновская область,Руб Миллионер,556000000,7
335,Автайкин Э. Т.,Мужчина,1970,2022,Казанская область,Долл Миллионер,837000000,5
336,Ордин А. Я.,Мужчина,1950,2022,Казанская область,Долл Миллионер,304000000,10
337,Анисимова Г. Х.,Женщина,2005,2022,Казанская область,Руб Миллионер,297000000,12
338,Матвеева З. Ч.,Женщина,1996,2022,Ульяновская область,Долл Миллионер,541000000,5
339,Герасимова Г. Й.,Женщина,1987,2022,Казанская область,Руб Миллиардер,657000000,2
340,Веселова З. О.,Женщина,1982,1999,Казанская область,Долл Миллиардер,228000000,2
341,Власова Ю. Г.,Женщина,1961,2022,Республика Татарстан,Долл Миллионер,161000000,1
342,Хатюшин М. У.,Мужчина,1970,2022,Республика Татарстан,Руб Миллиардер,774000000,14
343,Тимофеева Б. Ш.,Женщина,2009,2022,Ульяновская область,Долл Миллиардер,884000000,12
344,Разносчиков Ш. Г.,Мужчина,1957,1969,Республика Татарстан,Руб Миллионер,19000000,7
345,Беляева С. Г.,Женщина,1983,2022,Ульяновская область,Долл Миллиардер,822000000,7
346,Ветошкин С. К.,Мужчина,1956,1997,Республика Татарстан,Руб Миллиардер,485000000,1
347,Емельянова Е. Ш.,Женщина,1984,2010,Республика Татарстан,Долл Миллиардер,528000000,13
348,Часоводов Й. Т.,Мужчина,1962,1982,Казанская область,Руб Миллиардер,868000000,0
349,Горбунова О. И.,Женщина,1997,2022,Ульяновская область,Долл Миллиардер,333000000,9
350,Сергеева Д. Д.,Женщина,1952,2019,Ульяновская область,Руб Миллионер,387000000,6
351,Григорьева Е. Т.,Женщина,1971,1996,Казанская область,Долл Миллионер,455000000,6
352,Губин К. Э.,Мужчина,1957,2022,Ульяновская область,Долл Миллиардер,918000000,10
353,Александрова В. Й.,Женщина,1961,1988,Ульяновская область,Руб Миллиардер,355000000,2
354,Соболева Я. Д.,Женщина,1983,2022,Казанская область,Долл Миллиардер,793000000,6
355,Ботаногов И. М.,Мужчина,1957,1973,Казанская область,Руб Миллионер,492000000,12
356,Платонов П. Щ.,Мужчина,1971,2022,Казанская область,Долл Миллиардер,409000000,15
357,Крылова Э. Щ.,Женщина,1977,1991,Республика Татарстан,Долл Миллиардер,167000000,5
358,Мурзич И. Р.,Мужчина,1958,2010,Ульяновская область,Руб Миллиардер,675000000,15
359,Кошутин Ё. Ж.,Мужчина,1959,2022,Республика Татарстан,Руб Миллионер,69000000,3
360,Яхимович П. Ш.,Мужчина,1960,1993,Ульяновская область,Руб Миллиардер,87000000,7
361,Мосяков Ю. Л.,Мужчина,1999,2022,Ульяновская область,Долл Миллиардер,856000000,7
362,Большакова Л. Э.,Женщина,1988,2022,Ульяновская область,Руб Миллионер,94000000,14
363,Дмитриева М. Б.,Женщина,1971,2021,Ульяновская область,Руб Миллионер,193000000,11
364,Тимофеева Й. К.,Женщина,1979,2022,Республика Татарстан,Долл Миллиардер,325000000,7
365,Павликов Ф. К.,Мужчина,2010,2022,Казанская область,Руб Миллионер,172000000,12
366,Якуников У. Й.,Мужчина,1951,1966,Ульяновская область,Долл Миллионер,787000000,15
367,Чуканов У. Г.,Мужчина,1996,2015,Казанская область,Долл Миллиардер,50000000,11
368,Лысин Ш. Н.,Мужчина,1991,2022,Республика Татарстан,Руб Миллионер,479000000,1
369,Горбунова Д. Т.,Женщина,2003,2022,Ульяновская область,Руб Миллиардер,288000000,13
370,Яковлева Ш. Щ.,Женщина,1953,2022,Ульяновская область,Руб Миллионер,837000000,4
371,Большакова Ч. К.,Женщина,1986,2011,Ульяновская область,Руб Миллионер,830000000,15
372,Цапакин А. Щ.,Мужчина,1953,2019,Казанская область,Руб Миллионер,245000000,1
373,Григорьева Г. Ф.,Женщина,1992,2022,Казанская область,Руб Миллиардер,753000000,0
374,Григорьева Я. И.,Женщина,1964,1994,Казанская область,Руб Миллионер,233000000,12
375,Рыбакова Х. И.,Женщина,1962,1984,Казанская область,Руб Миллиардер,106000000,7
376,Скороделов И. Р.,Мужчина,1985,2022,Республика Татарстан,Руб Миллионер,347000000,10
377,Пикалев Ё. Т.,Мужчина,1978,2022,Ульяновская область,Долл Миллионер,430000000,9
378,Глызов Т. Ф.,Мужчина,1975,2012,Республика Татарстан,Долл Миллиардер,760000000,6
379,Шестакова Д. Д.,Женщина,1969,2001,Ульяновская область,Руб Миллиардер,753000000,0
380,Громова Ш. Ю.,Женщина,2004,2022,Республика Татарстан,Руб Миллиардер,331000000,15
381,Орфеев Э. Л.,Мужчина,1978,2022,Ульяновская область,Долл Миллионер,909000000,0
382,Можаитинов Э. Л.,Мужчина,2005,2022,Республика Татарстан,Долл Миллиардер,316000000,15
383,Доильницын Щ. Ф.,Мужчина,1983,2022,Республика Татарстан,Долл Миллионер,644000000,5
384,Андреева Я. Е.,Женщина,1997,2022,Казанская область,Долл Миллиардер,434000000,10
385,Куликова К. З.,Женщина,1988,2022,Ульяновская область,Руб Миллионер,168000000,15
386,Федотова Ё. О.,Женщина,1966,1992,Республика Татарстан,Руб Миллионер,158000000,2
387,Тихонова К. И.,Женщина,2006,2022,Ульяновская область,Руб Миллионер,615000000,10
388,Дюжев Д. Ч.,Мужчина,1961,2020,Ульяновская область,Руб Миллиардер,519000000,7
389,Шумарин Л. В.,Мужчина,1994,2022,Республика Татарстан,Руб Миллиардер,642000000,0
390,Глазырин Ч. Ч.,Мужчина,1991,2022,Казанская область,Долл Миллиардер,784000000,1
391,Тимофеева У. В.,Женщина,1961,2022,Ульяновская область,Долл Миллиардер,783000000,0
392,Баранова Э. Й.,Женщина,1980,2004,Казанская область,Долл Миллионер,632000000,10
393,Пашенков Ш. Е.,Мужчина,2000,2022,Казанская область,Долл Миллионер,376000000,15
394,Анисимова Д. С.,Женщина,1979,2015,Казанская область,Долл Миллионер,455000000,2
395,Маслова Е. Ю.,Женщина,2002,2022,Ульяновская область,Долл Миллионер,947000000,0
396,Анисимова О. Щ.,Женщина,1951,2007,Ульяновская область,Руб Миллионер,547000000,9
397,Рыбакова Н. Й.,Женщина,1980,2022,Ульяновская область,Руб Миллиардер,861000000,14
398,Гаврилова П. Т.,Женщина,1973,2015,Казанская область,Долл Миллиардер,707000000,5
399,Борковский Э. А.,Мужчина,1980,2022,Республика Татарстан,Руб Миллионер,330000000,13
400,Зуева Г. Ю.,Женщина,1966,2004,Республика Татарстан,Долл Миллионер,556000000,2
401,Зуева О. Ф.,Женщина,1962,1974,Казанская область,Долл Миллионер,873000000,6
402,Фролова Й. Ф.,Женщина,1968,2022,Казанская область,Долл Миллиардер,927000000,1
403,Глумцов З. Ю.,Мужчина,1983,2022,Республика Татарстан,Долл Миллиардер,189000000,6
404,Магеров Я. Е.,Мужчина,2003,2022,Ульяновская область,Руб Миллионер,690000000,1
405,Нардов А. Й.,Мужчина,1979,2009,Ульяновская область,Руб Миллиардер,782000000,5
406,Шарыпов Й. Л.,Мужчина,1990,2022,Казанская область,Руб Миллионер,555000000,13
407,Карпова О. Т.,Женщина,1950,2005,Ульяновская область,Руб Миллиардер,552000000,10
408,Василенков Й. П.,Мужчина,1997,2022,Ульяновская область,Руб Миллиардер,354000000,13
409,Кашкарев Б. Х.,Мужчина,1986,2022,Ульяновская область,Руб Миллиардер,683000000,14
410,Балагушин Щ. Г.,Мужчина,1951,1990,Казанская область,Руб Миллиардер,849000000,13
411,Сафоненко Д. У.,Мужчина,2006,2022,Республика Татарстан,Руб Миллионер,168000000,11
412,Плетнев Ю. И.,Мужчина,1989,2002,Ульяновская область,Руб Миллиардер,626000000,1
413,Горбунова Х. О.,Женщина,1975,2022,Республика Татарстан,Руб Миллионер,96000000,5
414,Калинина Г. Л.,Женщина,1973,2010,Ульяновская область,Руб Миллиардер,863000000,15
415,Пиорковский Ф. Н.,Мужчина,1956,2022,Казанская область,Руб Миллионер,453000000,1
416,Скоропись Ю. Ё.,Мужчина,1950,1999,Ульяновская область,Долл Миллиардер,629000000,1
417,Ларионов Й. Й.,Мужчина,1953,2022,Республика Татарстан,Руб Миллиардер,400000000,0
418,Руденок Ц. О.,Мужчина,1990,2022,Республика Татарстан,Руб Миллионер,932000000,13
419,Печеницын Ц. И.,Мужчина,1979,2022,Ульяновская область,Руб Миллиардер,325000000,13
420,Ростовщиков Ю. Щ.,Мужчина,1977,2022,Ульяновская область,Долл Миллиардер,664000000,13
421,Шиваров Г. Х.,Мужчина,1985,2022,Республика Татарстан,Долл Миллионер,164000000,13
422,Резвых Ц. Н.,Мужчина,1976,2017,Казанская область,Руб Миллионер,845000000,5
423,Кудин Ж. Ш.,Мужчина,1981,2011,Республика Татарстан,Руб Миллионер,109000000,2
424,Осипова К. З.,Женщина,1984,2006,Казанская область,Долл Миллионер,911000000,13
425,Яковлева Ё. Т.,Женщина,1966,2022,Республика Татарстан,Руб Миллионер,699000000,5
426,Матвеева Н. О.,Женщина,1952,2022,Ульяновская область,Долл Миллиардер,968000000,8
427,Ткач Б. Ц.,Мужчина,1991,2022,Казанская область,Руб Миллионер,260000000,3
428,Никитина Ю. Я.,Женщина,1954,1984,Республика Татарстан,Руб Миллиардер,414000000,0
429,Политов Н. И.,Мужчина,1958,2022,Республика Татарстан,Долл Миллионер,691000000,6
430,Азанов В. Т.,Мужчина,1993,2022,Ульяновская область,Руб Миллионер,249000000,0
431,Аггеев Ю. Щ.,Мужчина,1969,2009,Казанская область,Долл Миллиардер,459000000,15
432,Кирилычев Ц. Ш.,Мужчина,2002,2022,Казанская область,Руб Миллионер,173000000,1
433,Исакова Н. Ш.,Женщина,1976,2022,Ульяновская область,Руб Миллиардер,14000000,6
434,Котова П. Г.,Женщина,1956,2022,Ульяновская область,Долл Миллионер,312000000,10
435,Просвиров З. Н.,Мужчина,2010,2022,Ульяновская область,Руб Миллиардер,429000000,10
436,Памфилов И. Б.,Мужчина,1988,2022,Республика Татарстан,Долл Миллионер,743000000,10
437,Макридин О. Ф.,Мужчина,2002,2022,Республика Татарстан,Руб Миллионер,975000000,0
438,Ордин П. Р.,Мужчина,1992,2009,Республика Татарстан,Долл Миллиардер,498000000,1
439,Сергун У. Ш.,Мужчина,1955,1992,Ульяновская область,Долл Миллионер,174000000,2
440,Паленов А. Г.,Мужчина,1950,2019,Ульяновская область,Долл Миллиардер,975000000,0
441,Кравченко Л. Э.,Мужчина,1997,2022,Казанская область,Руб Миллионер,642000000,1
442,Нагорных Н. Ё.,Мужчина,1984,2022,Республика Татарстан,Долл Миллионер,715000000,13
443,Трунин Ч. Щ.,Мужчина,1960,2022,Ульяновская область,Долл Миллионер,161000000,2
444,Дмитриева М. Ё.,Женщина,1957,1983,Республика Татарстан,Руб Миллионер,846000000,6
445,Сергеева А. А.,Женщина,2007,2022,Казанская область,Руб Миллионер,278000000,4
446,Щербакова Ё. Е.,Женщина,1953,1989,Казанская область,Долл Миллионер,733000000,1
447,Рябова Ч. Н.,Женщина,1951,2022,Ульяновская область,Руб Миллиардер,999000000,12
448,Михайлов Е. Ё.,Мужчина,1994,2022,Казанская область,Руб Миллиардер,865000000,12
449,Ягьяев Е. Ф.,Мужчина,1969,2022,Казанская область,Руб Миллионер,480000000,4
450,Архипова Е. О.,Женщина,1973,2022,Ульяновская область,Руб Миллиардер,277000000,13
451,Третьякова Ц. Ф.,Женщина,1971,2022,Казанская область,Долл Миллионер,118000000,7
452,Карпуничев Ё. Ё.,Мужчина,1978,2022,Ульяновская область,Долл Миллионер,82000000,5
453,Третьякова З. Р.,Женщина,1982,2022,Казанская область,Руб Миллиардер,284000000,5
454,Коновалова Ч. З.,Женщина,1981,2022,Казанская область,Долл Миллиардер,132000000,11
455,Блинова Ц. И.,Женщина,1982,2022,Ульяновская область,Долл Миллионер,923000000,10
456,Демянко Ч. Щ.,Мужчина,1973,2022,Республика Татарстан,Руб Миллиардер,723000000,4
457,Макарова Т. Й.,Женщина,1999,2022,Республика Татарстан,Долл Миллионер,245000000,4
458,Немечик П. С.,Мужчина,1991,2022,Казанская область,Руб Миллиардер,172000000,7
459,Магдалинский П. Ч.,Мужчина,1992,2022,Республика Татарстан,Долл Миллионер,339000000,1
460,Яковлева Э. О.,Женщина,1951,2022,Казанская область,Руб Миллионер,219000000,15
461,Поткин Х. О.,Мужчина,1996,2012,Республика Татарстан,Руб Миллиардер,870000000,11
462,Беспрозванный Ш. Ё.,Мужчина,1995,2022,Ульяновская область,Долл Миллиардер,546000000,11
463,Корчак И. С.,Мужчина,1967,2020,Ульяновская область,Руб Миллиардер,65000000,0
464,Поводырев Н. Г.,Мужчина,1977,2010,Республика Татарстан,Руб Миллиардер,548000000,13
465,Сидорова З. Д.,Женщина,2002,2022,Казанская область,Руб Миллиардер,23000000,11
466,Похлебкин З. Е.,Мужчина,1979,2015,Республика Татарстан,Руб Миллионер,575000000,10
467,Тихонова Б. З.,Женщина,1983,2007,Ульяновская область,Долл Миллионер,624000000,9
468,Кузянин П. Ж.,Мужчина,1950,1980,Республика Татарстан,Руб Миллионер,732000000,3
469,Медынцев Х. Л.,Мужчина,1982,2019,Казанская область,Руб Миллионер,786000000,7
470,Якшин Л. Д.,Мужчина,2003,2022,Казанская область,Руб Миллионер,182000000,1
471,Недобров Р. Й.,Мужчина,1971,1989,Республика Татарстан,Руб Миллиардер,875000000,7
472,Максутов С. Х.,Мужчина,2009,2022,Казанская область,Долл Миллионер,386000000,0
473,Матвеева П. В.,Женщина,1950,1990,Ульяновская область,Долл Миллиардер,231000000,5
474,Селезнёва С. Ф.,Женщина,1965,2022,Казанская область,Долл Миллиардер,654000000,6
475,Пивцаев Й. К.,Мужчина,2003,2022,Республика Татарстан,Долл Миллиардер,503000000,1
476,Дорофеева Ч. Н.,Женщина,1975,2022,Республика Татарстан,Руб Миллиардер,228000000,5
477,Селезнёва Ц. Ю.,Женщина,1995,2022,Ульяновская область,Долл Миллиардер,516000000,13
478,Данилова К. Ю.,Женщина,1958,2001,Ульяновская область,Долл Миллиардер,156000000,6
479,Крутихин Л. З.,Мужчина,1989,2022,Казанская область,Долл Миллионер,78000000,9
480,Лукашов Х. Ш.,Мужчина,1997,2022,Ульяновская область,Руб Миллионер,157000000,3
481,Булочников М. Т.,Мужчина,1972,2022,Республика Татарстан,Долл Миллионер,304000000,14
482,Тарабукин М. Я.,Мужчина,1990,2015,Республика Татарстан,Долл Миллионер,228000000,15
483,Урсул Ш. И.,Мужчина,1964,2000,Республика Татарстан,Долл Миллиардер,175000000,5
484,Шмид Я. Ш.,Мужчина,1977,1998,Ульяновская область,Долл Миллиардер,132000000,2
485,Сеченов Д. Й.,Мужчина,1957,2022,Казанская область,Руб Миллионер,999000000,3
486,Степанова Й. К.,Женщина,1987,2022,Республика Татарстан,Долл Миллионер,394000000,7
487,Булатов Ш. Ю.,Мужчина,2004,2022,Казанская область,Руб Миллиардер,608000000,7
488,Маслова Э. Ч.,Женщина,2008,2022,Республика Татарстан,Руб Миллиардер,327000000,14
489,Егорова Е. Н.,Женщина,1966,2021,Казанская область,Долл Миллиардер,592000000,1
490,Лагутенок С. И.,Мужчина,1972,2022,Ульяновская область,Руб Миллиардер,175000000,10
491,Маслова Л. Ф.,Женщина,2010,2022,Ульяновская область,Руб Миллионер,383000000,7
492,Исакова Ш. К.,Женщина,1994,2022,Казанская область,Руб Миллионер,302000000,15
493,Третьякова В. Ж.,Женщина,1985,2003,Ульяновская область,Руб Миллиардер,585000000,0
494,Громова О. И.,Женщина,1966,2022,Республика Татарстан,Долл Миллионер,554000000,14
495,Карпенев Э. Ж.,Мужчина,1995,2022,Казанская область,Долл Миллиардер,196000000,6
496,Леонтьевский У. М.,Мужчина,2010,2022,Республика Татарстан,Долл Миллиардер,215000000,2
497,Сорокина О. Х.,Женщина,2000,2022,Ульяновская область,Руб Миллиардер,239000000,13
498,Афанасьева Г. Х.,Женщина,1997,2022,Ульяновская область,Руб Миллиардер,474000000,7
499,Гаврилова Е. Э.,Женщина,1982,2022,Республика Татарстан,Долл Миллионер,355000000,4
500,Шерапов Ж. Ш.,Мужчина,1956,1968,Казанская область,Руб Миллионер,660000000,3
501,Щуплов Н. Я.,Мужчина,2004,2022,Ульяновская область,Долл Миллиардер,254000000,7
502,Яковлева С. Э.,Женщина,1960,2005,Ульяновская область,Руб Миллионер,490000000,8
503,Мокроносов О. Ё.,Мужчина,1991,2022,Ульяновская область,Долл Миллиардер,266000000,13
504,Сидочук Ф. К.,Мужчина,1957,2022,Ульяновская область,Руб Миллиардер,292000000,12
505,Горячкин У. З.,Мужчина,1991,2015,Ульяновская область,Долл Миллионер,626000000,3
506,Медведева Ё. Н.,Женщина,1952,2015,Ульяновская область,Руб Миллиардер,808000000,14
507,Кузмиченко Й. Ю.,Мужчина,1974,2022,Ульяновская область,Руб Миллионер,433000000,8
508,Щербакова З. Я.,Женщина,1950,1967,Ульяновская область,Долл Миллиардер,606000000,8
509,Безбабич Г. Э.,Мужчина,1987,2022,Казанская область,Долл Миллионер,160000000,5
510,Орел Р. Й.,Мужчина,2010,2022,Казанская область,Руб Миллиардер,379000000,12
511,Микульский Л. Н.,Мужчина,1987,2019,Ульяновская область,Долл Миллионер,126000000,13
512,Горшкова Г. Д.,Женщина,1991,2022,Ульяновская область,Руб Миллиардер,945000000,6
513,Сегал И. Ч.,Мужчина,1998,2022,Ульяновская область,Руб Миллионер,193000000,13
514,Панфилова В. В.,Женщина,1964,1993,Ульяновская область,Долл Миллиардер,804000000,13
515,Сорокина Б. Я.,Женщина,1990,2022,Ульяновская область,Руб Миллиардер,272000000,12
516,Королёва С. Д.,Женщина,1969,2022,Казанская область,Руб Миллиардер,944000000,0
517,Лайков Б. З.,Мужчина,1965,2007,Казанская область,Руб Миллиардер,491000000,0
518,Александрова Ю. Ц.,Женщина,1986,2022,Ульяновская область,Долл Миллиардер,32000000,2
519,Романихин Д. А.,Мужчина,1992,2022,Ульяновская область,Долл Миллиардер,870000000,3
520,Канаев Л. С.,Мужчина,1970,2022,Казанская область,Долл Миллионер,850000000,5
521,Борисова В. А.,Женщина,1974,2022,Казанская область,Руб Миллиардер,621000000,14
522,Якиманский Е. Х.,Мужчина,2010,2022,Республика Татарстан,Долл Миллиардер,702000000,14
523,Леншин Р. Щ.,Мужчина,1965,1987,Казанская область,Долл Миллиардер,207000000,7
524,Манеркин О. Х.,Мужчина,2004,2022,Ульяновская область,Руб Миллионер,557000000,5
525,Кузьмина В. Ю.,Женщина,1990,2011,Республика Татарстан,Долл Миллиардер,831000000,0
526,Локсеев С. З.,Мужчина,1968,1988,Ульяновская область,Долл Миллиардер,237000000,2
527,Григорьева И. В.,Женщина,1960,1999,Ульяновская область,Долл Миллиардер,97000000,11
528,Наврозов Ю. О.,Мужчина,1959,1982,Ульяновская область,Долл Миллионер,72000000,0
529,Исакова Т. Й.,Женщина,1997,2022,Ульяновская область,Руб Миллионер,409000000,14
530,Мананков Я. Ж.,Мужчина,1971,2005,Ульяновская область,Долл Миллиардер,631000000,12
531,Шеломатов В. Ё.,Мужчина,1972,2022,Казанская область,Руб Миллиардер,582000000,4
532,Белусяк Е. Ф.,Мужчина,1983,2022,Ульяновская область,Долл Миллионер,166000000,15
533,Савельева Щ. Э.,Женщина,1962,2020,Республика Татарстан,Долл Миллиардер,912000000,7
534,Филиппова Ю. С.,Женщина,1988,2022,Республика Татарстан,Руб Миллионер,991000000,1
535,Давыдова А. Р.,Женщина,1954,2022,Ульяновская область,Долл Миллионер,918000000,7
536,Яковлева Ж. К.,Женщина,1985,2022,Республика Татарстан,Руб Миллионер,605000000,13
537,Копылова Г. Ж.,Женщина,1977,2001,Республика Татарстан,Руб Миллиардер,283000000,11
538,Копылова М. Й.,Женщина,1988,2022,Казанская область,Долл Миллионер,845000000,11
539,Григорьева Ё. Ж.,Женщина,1994,2022,Казанская область,Руб Миллиардер,102000000,10
540,Вовкогонов Л. Д.,Мужчина,1994,2014,Ульяновская область,Руб Миллиардер,172000000,11
541,Никитин Ж. О.,Мужчина,2008,2022,Казанская область,Долл Миллионер,163000000,3
542,Миронова Я. Й.,Женщина,1980,2003,Ульяновская область,Долл Миллиардер,800000000,8
543,Обрядин З. О.,Мужчина,1957,2022,Казанская область,Руб Миллионер,8000000,15
544,Худошин К. К.,Мужчина,1960,2022,Республика Татарстан,Долл Миллионер,997000000,9
545,Горбунков К. Ч.,Мужчина,1951,1987,Казанская область,Долл Миллиардер,3000000,1
546,Архипова Ж. У.,Женщина,1972,2022,Казанская область,Руб Миллионер,222000000,1
547,Яковлева Щ. П.,Женщина,1952,1995,Казанская область,Долл Миллиардер,873000000,6
548,Демчинят Ч. С.,Мужчина,1981,2022,Ульяновская область,Руб Миллионер,204000000,11
549,Ковалёва Л. О.,Женщина,1994,2022,Республика Татарстан,Долл Миллионер,461000000,7
550,Князев Ф. З.,Мужчина,2001,2022,Ульяновская область,Долл Миллионер,666000000,1
551,Цибулька К. Э.,Мужчина,2004,2022,Казанская область,Руб Миллиардер,576000000,9
552,Орлова В. У.,Женщина,1974,2022,Казанская область,Руб Миллионер,104000000,5
553,Маркцев Й. Я.,Мужчина,2007,2022,Казанская область,Руб Миллионер,38000000,12
554,Цируль Б. Г.,Мужчина,1952,2012,Казанская область,Руб Миллиардер,554000000,10
555,Бобрин К. А.,Мужчина,1971,2022,Республика Татарстан,Руб Миллионер,758000000,2
556,Фролочкин С. П.,Мужчина,1978,2022,Ульяновская область,Долл Миллионер,416000000,2
557,Сорокина М. Е.,Женщина,2010,2022,Ульяновская область,Руб Миллионер,571000000,7
558,Панфилова Щ. И.,Женщина,1974,2022,Казанская область,Долл Миллионер,627000000,15
559,Ильина К. К.,Женщина,2001,2022,Ульяновская область,Руб Миллионер,623000000,6
560,Магомедов С. Ю.,Мужчина,1962,2022,Ульяновская область,Долл Миллионер,678000000,12
561,Мржеретов О. Н.,Мужчина,1996,2022,Ульяновская область,Руб Миллионер,17000000,11
562,Перфишин Л. С.,Мужчина,1959,2003,Республика Татарстан,Руб Миллиардер,474000000,0
563,Панфилова Я. П.,Женщина,1954,2022,Казанская область,Руб Миллиардер,854000000,13
564,Пономарёва А. З.,Женщина,1983,2022,Ульяновская область,Долл Миллиардер,342000000,15
565,Москаль Я. Ч.,Мужчина,1998,2016,Казанская область,Руб Миллиардер,60000000,3
566,Серкин У. Щ.,Мужчина,2005,2022,Республика Татарстан,Руб Миллиардер,330000000,6
567,Шелыгин С. Л.,Мужчина,1973,2001,Ульяновская область,Долл Миллионер,228000000,12
568,Княгинин З. Я.,Мужчина,1966,2022,Казанская область,Руб Миллиардер,684000000,6
569,Хомяков С. П.,Мужчина,1960,2022,Ульяновская область,Долл Миллиардер,682000000,12
570,Фруентов С. Ш.,Мужчина,1980,2012,Казанская область,Долл Миллиардер,63000000,12
571,Веселова Ё. М.,Женщина,1967,2022,Казанская область,Руб Миллиардер,757000000,7
572,Киряев Ф. Я.,Мужчина,2000,2022,Казанская область,Долл Миллиардер,720000000,14
573,Свинопасов Ю. Ч.,Мужчина,2004,2022,Казанская область,Долл Миллионер,252000000,7
574,Кудряшова Д. Д.,Женщина,1973,2022,Ульяновская область,Долл Миллиардер,160000000,6
575,Метт Ё. И.,Мужчина,1968,2022,Республика Татарстан,Руб Миллионер,169000000,7
576,Сорокина О. Р.,Женщина,1963,2004,Казанская область,Руб Миллионер,947000000,6
577,Вторак Л. Й.,Мужчина,1958,2002,Казанская область,Долл Миллиардер,191000000,4
578,Романова В. Л.,Женщина,1951,2022,Ульяновская область,Долл Миллионер,589000000,1
579,Кузовлев Г. Т.,Мужчина,1955,2022,Казанская область,Руб Миллиардер,585000000,14
580,Кудрявцева Р. Й.,Женщина,1957,2022,Республика Татарстан,Долл Миллиардер,150000000,4
581,Симонцев Э. Ц.,Мужчина,1963,2021,Казанская область,Руб Миллиардер,559000000,8
582,Герасов М. Г.,Мужчина,1972,2022,Ульяновская область,Руб Миллиардер,916000000,7
583,Осипова К. М.,Женщина,1986,2022,Казанская область,Долл Миллионер,488000000,13
584,Юшко Ч. И.,Мужчина,2001,2017,Казанская область,Руб Миллионер,152000000,10
585,Синюков Н. Ч.,Мужчина,1983,2013,Казанская область,Долл Миллионер,509000000,11
586,Горшкова Э. А.,Женщина,2000,2022,Казанская область,Руб Миллионер,379000000,0
587,Хоруженко В. Э.,Мужчина,2009,2022,Ульяновская область,Руб Миллионер,344000000,5
588,Жукова Р. Х.,Женщина,1983,2015,Ульяновская область,Руб Миллионер,658000000,2
589,Макарова Г. Л.,Женщина,1982,2022,Ульяновская область,Руб Миллиардер,142000000,1
590,Панова Ц. Л.,Женщина,1964,2017,Республика Татарстан,Долл Миллиардер,101000000,14
591,Щербакова П. О.,Женщина,2007,2022,Казанская область,Руб Миллиардер,699000000,5
592,Полихов О. Н.,Мужчина,1962,2010,Ульяновская область,Долл Миллиардер,536000000,10
593,Мантров Т. Г.,Мужчина,1966,2022,Казанская область,Долл Миллионер,940000000,3
594,Мельникова Д. Я.,Женщина,1974,2013,Ульяновская область,Долл Миллиардер,741000000,2
595,Симион Н. В.,Мужчина,2000,2015,Казанская область,Руб Миллиардер,263000000,1
596,Никитина Р. Ж.,Женщина,1976,2014,Казанская область,Руб Миллиардер,524000000,6
597,Драшусов К. Н.,Мужчина,1997,2014,Республика Татарстан,Долл Миллионер,8000000,8
598,Жукова Н. У.,Женщина,1958,2018,Казанская область,Руб Миллионер,315000000,3
599,Парфишев П. Ш.,Мужчина,1984,2022,Республика Татарстан,Долл Миллиардер,84000000,15
600,Быкова Б. Н.,Женщина,2005,2022,Республика Татарстан,Долл Миллиардер,105000000,0
601,Гонтарев Э. Щ.,Мужчина,1962,1996,Республика Татарстан,Руб Миллиардер,876000000,15
602,Кардашов Й. Я.,Мужчина,1999,2020,Республика Татарстан,Долл Миллионер,6000000,9
603,Беляева В. Н.,Женщина,1963,2022,Республика Татарстан,Руб Миллиардер,244000000,12
604,Тимошков Ч. В.,Мужчина,1975,2013,Казанская область,Руб Миллиардер,534000000,9
605,Ширшов Л. Ч.,Мужчина,1964,2021,Республика Татарстан,Руб Миллиардер,944000000,14
606,Горшкова Щ. В.,Женщина,1985,2022,Ульяновская область,Долл Миллионер,250000000,7
607,Волошиновський М. Ш.,Мужчина,1979,2022,Казанская область,Долл Миллиардер,376000000,8
608,Филипьев Ч. Т.,Мужчина,1999,2022,Казанская область,Долл Миллионер,374000000,9
609,Новокшонов А. Б.,Мужчина,1973,2022,Республика Татарстан,Долл Миллионер,171000000,2
610,Щербакова Ч. Ю.,Женщина,1970,2020,Казанская область,Руб Миллионер,151000000,5
611,Воронова Й. А.,Женщина,1972,2010,Казанская область,Руб Миллионер,636000000,14
612,Абалаков И. А.,Мужчина,1963,2022,Республика Татарстан,Долл Миллиардер,699000000,7
613,Карпенев Ё. Д.,Мужчина,2009,2022,Республика Татарстан,Руб Миллионер,263000000,4
614,Дураковский Д. Г.,Мужчина,1955,1984,Республика Татарстан,Руб Миллионер,546000000,14
615,Мельникова С. Ш.,Женщина,1965,2022,Ульяновская область,Руб Миллиардер,153000000,12
616,Беляева Н. Ч.,Женщина,1987,2014,Казанская область,Руб Миллиардер,213000000,12
617,Тимофеева Б. У.,Женщина,1973,2022,Республика Татарстан,Руб Миллионер,264000000,4
618,Цыцын Г. Р.,Мужчина,1979,2022,Республика Татарстан,Долл Миллиардер,648000000,2
619,Свинарев Э. Й.,Мужчина,1955,2022,Казанская область,Руб Миллиардер,955000000,9
620,Ванков Ё. Ю.,Мужчина,1979,2022,Ульяновская область,Долл Миллионер,723000000,0
621,Орлова Ш. Э.,Женщина,1979,2022,Казанская область,Долл Миллионер,682000000,9
622,Якушкин Ф. Я.,Мужчина,1976,2004,Ульяновская область,Долл Миллиардер,743000000,5
623,Белокуров О. Ш.,Мужчина,1954,2000,Ульяновская область,Долл Миллионер,923000000,13
624,Передний Т. П.,Мужчина,2010,2022,Республика Татарстан,Долл Миллиардер,888000000,0
625,Зуева Ш. Т.,Женщина,1957,2022,Республика Татарстан,Долл Миллионер,901000000,2
626,Недбаев У. Ш.,Мужчина,1994,2022,Ульяновская область,Долл Миллионер,108000000,8
627,Симонович Э. П.,Мужчина,1956,2022,Ульяновская область,Долл Миллиардер,726000000,2
628,Булавин К. Ж.,Мужчина,1980,2011,Ульяновская область,Долл Миллиардер,300000000,5
629,Фомина Б. Й.,Женщина,1962,1976,Республика Татарстан,Руб Миллиардер,63000000,1
630,Петрянкин С. К.,Мужчина,1972,2022,Казанская область,Долл Миллионер,144000000,15
631,Трофимова Я. Л.,Женщина,1970,2022,Казанская область,Руб Миллионер,841000000,10
632,Поленков Э. Л.,Мужчина,1957,2012,Республика Татарстан,Долл Миллиардер,386000000,9
633,Данилова Е. Т.,Женщина,1982,2022,Ульяновская область,Руб Миллиардер,888000000,0
634,Бедарев Й. Ж.,Мужчина,1977,2022,Казанская область,Руб Миллиардер,10000000,0
635,Сенчугов К. Ф.,Мужчина,1955,2013,Ульяновская область,Долл Миллионер,60000000,5
636,Рябова А. З.,Женщина,1987,2022,Казанская область,Долл Миллиардер,700000000,11
637,Слюсаренко И. Й.,Мужчина,1997,2022,Казанская область,Руб Миллиардер,492000000,12
638,Осипова Е. Щ.,Женщина,1974,2013,Ульяновская область,Долл Миллиардер,624000000,10
639,Чернова Е. Д.,Женщина,1988,2014,Республика Татарстан,Руб Миллиардер,207000000,5
640,Ожгибоков Ф. Э.,Мужчина,1978,1994,Ульяновская область,Руб Миллионер,119000000,4
641,Никитина Й. З.,Женщина,1969,2022,Республика Татарстан,Долл Миллиардер,732000000,5
642,Самусьев Е. Л.,Мужчина,1989,2011,Ульяновская область,Долл Миллионер,409000000,15
643,Ершова Ф. В.,Женщина,1952,2020,Республика Татарстан,Долл Миллионер,699000000,7
644,Демиденок М. Й.,Мужчина,1958,2000,Казанская область,Руб Миллиардер,564000000,8
645,Михеева Р. У.,Женщина,1985,2019,Республика Татарстан,Руб Миллиардер,617000000,12
646,Тимофеева Ф. О.,Женщина,1991,2022,Казанская область,Руб Миллиардер,328000000,6
647,Шингарев Е. Х.,Мужчина,2002,2017,Ульяновская область,Руб Миллионер,252000000,9
648,Мартынова А. В.,Женщина,1951,2015,Республика Татарстан,Долл Миллиардер,152000000,13
649,Фоканов Г. Н.,Мужчина,1985,2022,Республика Татарстан,Руб Миллионер,620000000,13
650,Селезнёва Х. Ф.,Женщина,1968,2022,Ульяновская область,Руб Миллионер,459000000,1
651,Свиридонов М. О.,Мужчина,1957,2018,Ульяновская область,Руб Миллионер,455000000,7
652,Власова Е. К.,Женщина,1977,2022,Республика Татарстан,Долл Миллиардер,257000000,0
653,Бершадский К. Ч.,Мужчина,1997,2022,Ульяновская область,Долл Миллионер,94000000,11
654,Чилимов Д. Х.,Мужчина,1997,2022,Республика Татарстан,Долл Миллионер,590000000,7
655,Синцеров З. У.,Мужчина,2003,2022,Казанская область,Долл Миллионер,917000000,9
656,Новокшонов Ч. Т.,Мужчина,1961,1992,Республика Татарстан,Руб Миллиардер,774000000,9
657,Рудинский П. В.,Мужчина,1956,1972,Казанская область,Долл Миллиардер,465000000,7
658,Киселёва У. Д.,Женщина,1954,2022,Республика Татарстан,Руб Миллионер,803000000,14
659,Панфилова Ё. Ч.,Женщина,1967,1995,Республика Татарстан,Долл Миллиардер,389000000,13
660,Щигловский У. К.,Мужчина,1962,1974,Казанская область,Руб Миллионер,718000000,4
661,Давыдова О. А.,Женщина,1979,2021,Ульяновская область,Долл Миллиардер,209000000,1
662,Ковалёва Е. М.,Женщина,2000,2022,Казанская область,Долл Миллиардер,97000000,12
663,Хлусов Л. Е.,Мужчина,1956,1984,Казанская область,Долл Миллионер,765000000,10
664,Фирсов Э. Ё.,Мужчина,1951,2010,Казанская область,Руб Миллиардер,521000000,1
665,Гераскин У. Ж.,Мужчина,1957,1987,Казанская область,Долл Миллиардер,459000000,6
666,Умаров Е. Н.,Мужчина,2003,2022,Республика Татарстан,Долл Миллиардер,164000000,14
667,Шевченко Э. К.,Мужчина,1990,2022,Республика Татарстан,Руб Миллиардер,274000000,9
668,Данилова Ё. Г.,Женщина,1954,2022,Казанская область,Руб Миллиардер,260000000,3
669,Березкин И. Т.,Мужчина,1962,1982,Республика Татарстан,Долл Миллиардер,817000000,14
670,Тихонова Ц. Ё.,Женщина,1962,1998,Республика Татарстан,Руб Миллиардер,920000000,9
671,Вдовенко Щ. Ё.,Мужчина,1964,2022,Ульяновская область,Долл Миллиардер,479000000,11
672,Сидорова М. Ф.,Женщина,1978,2022,Ульяновская область,Руб Миллионер,168000000,8
673,Вергизов Я. А.,Мужчина,1959,2013,Республика Татарстан,Долл Миллиардер,751000000,11
674,Олешкин А. О.,Мужчина,1960,2022,Казанская область,Руб Миллионер,471000000,0
675,Самопалов Ц. Ж.,Мужчина,1987,2010,Казанская область,Руб Миллиардер,948000000,7
676,Степанова Н. Й.,Женщина,1951,2022,Ульяновская область,Долл Миллиардер,696000000,13
677,Громова Д. Щ.,Женщина,1962,2022,Ульяновская область,Долл Миллионер,603000000,3
678,Фомина Б. Ц.,Женщина,1972,2022,Ульяновская область,Руб Миллиардер,745000000,7
679,Качалкин Ю. Ё.,Мужчина,1953,1983,Казанская область,Долл Миллиардер,352000000,12
680,Исакова Р. К.,Женщина,1970,1989,Ульяновская область,Долл Миллиардер,669000000,8
681,Ренев К. Т.,Мужчина,1992,2017,Ульяновская область,Руб Миллиардер,291000000,5
682,Дорофеева Ш. О.,Женщина,1968,2021,Казанская область,Руб Миллиардер,864000000,6
683,Денисова Т. З.,Женщина,1988,2022,Казанская область,Долл Миллиардер,8000000,2
684,Фасин Ф. К.,Мужчина,1990,2022,Ульяновская область,Руб Миллионер,467000000,9
685,Горбушов Л. Т.,Мужчина,1977,1994,Казанская область,Долл Миллиардер,444000000,2
686,Вычегжанин Э. Я.,Мужчина,2010,2022,Республика Татарстан,Долл Миллионер,518000000,11
687,Захарова З. Р.,Женщина,1958,2022,Казанская область,Долл Миллиардер,772000000,15
688,Гусева В. Э.,Женщина,1952,2022,Республика Татарстан,Руб Миллиардер,474000000,12
689,Ярославцев Ц. Ж.,Мужчина,2003,2022,Казанская область,Долл Миллиардер,149000000,12
690,Басаргин Б. У.,Мужчина,1982,2022,Республика Татарстан,Долл Миллиардер,878000000,7
691,Лавренов О. А.,Мужчина,1982,2022,Казанская область,Долл Миллиардер,178000000,11
692,Ильина В. Х.,Женщина,1956,1989,Казанская область,Долл Миллионер,5000000,14
693,Вельский С. Ц.,Мужчина,1978,2005,Ульяновская область,Руб Миллионер,871000000,8
694,Блинова Г. Й.,Женщина,1977,2022,Республика Татарстан,Долл Миллионер,93000000,7
695,Маслова Р. К.,Женщина,1972,2022,Казанская область,Руб Миллиардер,530000000,9
696,Мухина Г. Е.,Женщина,2009,2022,Республика Татарстан,Руб Миллионер,744000000,14
697,Полякова Р. У.,Женщина,2000,2022,Казанская область,Руб Миллионер,279000000,0
698,Тимшин Г. Я.,Мужчина,1980,2022,Республика Татарстан,Руб Миллиардер,553000000,10
699,Суворова Д. Ф.,Женщина,1991,2022,Республика Татарстан,Долл Миллиардер,251000000,15
700,Орлова Ц. А.,Женщина,1998,2012,Ульяновская область,Руб Миллионер,737000000,15
701,Белый М. Я.,Мужчина,1987,2002,Казанская область,Руб Миллионер,416000000,6
702,Прохоренко Е. И.,Мужчина,1969,2022,Республика Татарстан,Долл Миллиардер,156000000,4
703,Тетивкин Л. В.,Мужчина,1979,2022,Республика Татарстан,Долл Миллиардер,417000000,7
704,Дубовец К. Е.,Мужчина,1983,2022,Республика Татарстан,Руб Миллионер,44000000,5
705,Недохлебов Щ. С.,Мужчина,1994,2022,Казанская область,Долл Миллионер,885000000,3
706,Филиппович Е. Р.,Мужчина,2001,2022,Республика Татарстан,Руб Миллиардер,806000000,8
707,Филькин И. О.,Мужчина,1986,2022,Казанская область,Руб Миллиардер,217000000,15
708,Горбунова У. С.,Женщина,1966,2022,Ульяновская область,Долл Миллиардер,769000000,14
709,Посейдонов Ш. Ё.,Мужчина,1966,2022,Казанская область,Долл Миллионер,55000000,4
710,Матвеева В. Р.,Женщина,1970,2018,Казанская область,Долл Миллионер,817000000,6
711,Полякова Ч. С.,Женщина,1990,2022,Казанская область,Долл Миллионер,435000000,8
712,Осипова Ч. М.,Женщина,1958,2022,Казанская область,Долл Миллионер,340000000,2
713,Хвастов О. А.,Мужчина,1969,2022,Казанская область,Долл Миллиардер,879000000,15
714,Никифорова В. Х.,Женщина,1970,2022,Республика Татарстан,Руб Миллиардер,380000000,1
715,Ульев Л. Я.,Мужчина,1995,2022,Казанская область,Долл Миллионер,441000000,0
716,Исакова Г. В.,Женщина,2006,2022,Казанская область,Руб Миллиардер,613000000,8
717,Крылова И. У.,Женщина,1982,1998,Казанская область,Долл Миллиардер,939000000,10
718,Дарюсин Т. Ц.,Мужчина,1978,2000,Казанская область,Долл Миллионер,816000000,1
719,Цыганенко Р. С.,Мужчина,1956,1996,Казанская область,Руб Миллионер,472000000,11
720,Платошкин У. Л.,Мужчина,2006,2022,Казанская область,Руб Миллионер,733000000,5
721,Архипова Ф. С.,Женщина,1960,2003,Ульяновская область,Руб Миллионер,97000000,6
722,Боброва Н. Ё.,Женщина,1997,2022,Казанская область,Руб Миллионер,54000000,11
723,Кушвид К. Н.,Мужчина,1959,2022,Казанская область,Руб Миллионер,381000000,9
724,Терский Э. Е.,Мужчина,1967,2022,Ульяновская область,Руб Миллиардер,77000000,2
725,Финагенов З. Ш.,Мужчина,2005,2022,Ульяновская область,Руб Миллионер,620000000,1
726,Овинников К. И.,Мужчина,1981,2022,Ульяновская область,Долл Миллионер,870000000,3
727,Яковлева Ю. Л.,Женщина,1983,2019,Ульяновская область,Руб Миллионер,390000000,11
728,Лоторов Ч. А.,Мужчина,2010,2022,Казанская область,Долл Миллиардер,12000000,4
729,Дорофеева Ч. У.,Женщина,1996,2022,Ульяновская область,Долл Миллионер,501000000,5
730,Лашкевич З. М.,Мужчина,2000,2022,Ульяновская область,Долл Миллиардер,787000000,10
731,Царственый Р. Ц.,Мужчина,1972,2022,Республика Татарстан,Руб Миллиардер,568000000,12
732,Хитрово Х. Ж.,Мужчина,1950,2022,Казанская область,Руб Миллионер,585000000,5
733,Полякова О. М.,Женщина,1984,2022,Ульяновская область,Долл Миллиардер,318000000,9
734,Галкина Т. Р.,Женщина,1969,1986,Республика Татарстан,Долл Миллиардер,141000000,10
735,Брусиловский И. З.,Мужчина,1981,2011,Ульяновская область,Руб Миллиардер,12000000,8
736,Маркова Р. Й.,Женщина,1971,2022,Казанская область,Долл Миллионер,939000000,10
737,Варченко М. С.,Мужчина,1953,2022,Казанская область,Руб Миллионер,56000000,5
738,Савельева Е. Т.,Женщина,1979,2016,Ульяновская область,Руб Миллиардер,514000000,10
739,Цырулик Ш. Ф.,Мужчина,1998,2022,Республика Татарстан,Руб Миллиардер,474000000,7
740,Родюков Т. Э.,Мужчина,1995,2022,Казанская область,Руб Миллиардер,207000000,5
741,Титова Е. Ш.,Женщина,2003,2022,Республика Татарстан,Долл Миллионер,950000000,12
742,Черносовкин Ю. Ю.,Мужчина,1989,2022,Казанская область,Руб Миллиардер,751000000,14
743,Калязин Э. К.,Мужчина,2005,2022,Казанская область,Руб Миллионер,902000000,15
744,Яволов М. Ю.,Мужчина,1981,2014,Ульяновская область,Руб Миллионер,619000000,5
745,Архипова И. Л.,Женщина,1963,2004,Ульяновская область,Руб Миллионер,684000000,14
746,Тряпкин З. Л.,Мужчина,1958,2004,Республика Татарстан,Долл Миллионер,681000000,5
747,Лазутин Ё. Т.,Мужчина,1964,1976,Казанская область,Долл Миллиардер,426000000,5
748,Савельева Д. Щ.,Женщина,2006,2022,Ульяновская область,Долл Миллиардер,177000000,12
749,Филиппова К. Н.,Женщина,1991,2022,Ульяновская область,Руб Миллионер,417000000,15
750,Чернова И. Л.,Женщина,1994,2022,Казанская область,Руб Миллионер,108000000,0
751,Селезнёва О. Т.,Женщина,1999,2022,Республика Татарстан,Долл Миллиардер,64000000,0
752,Федотычев Е. Е.,Мужчина,2008,2022,Казанская область,Руб Миллиардер,128000000,10
753,Жукова М. Е.,Женщина,1972,2012,Казанская область,Руб Миллиардер,655000000,1
754,Федорчук Ё. Ц.,Мужчина,1993,2014,Республика Татарстан,Долл Миллионер,955000000,9
755,Сорокина З. И.,Женщина,2005,2022,Казанская область,Долл Миллиардер,93000000,9
756,Родионова О. О.,Женщина,1963,1981,Казанская область,Долл Миллионер,371000000,5
757,Лобов Щ. Ц.,Мужчина,1992,2022,Ульяновская область,Руб Миллиардер,396000000,6
758,Джиоев З. Й.,Мужчина,1970,2022,Ульяновская область,Долл Миллиардер,108000000,2
759,Мухина С. З.,Женщина,1995,2022,Казанская область,Долл Миллиардер,600000000,15
760,Мартынова И. Ж.,Женщина,2002,2022,Казанская область,Долл Миллиардер,792000000,11
761,Большакова Л. Щ.,Женщина,1995,2022,Республика Татарстан,Долл Миллионер,688000000,6
762,Толстоухов Я. К.,Мужчина,1981,2022,Республика Татарстан,Руб Миллионер,838000000,11
763,Токмаков С. Р.,Мужчина,1961,1987,Ульяновская область,Долл Миллиардер,839000000,2
764,Анисимова Б. О.,Женщина,1975,2022,Ульяновская область,Долл Миллиардер,549000000,14
765,Хоробов Б. О.,Мужчина,1988,2022,Ульяновская область,Руб Миллионер,444000000,13
766,Щербакова Н. Е.,Женщина,1972,1993,Республика Татарстан,Руб Миллиардер,119000000,0
767,Якубов У. П.,Мужчина,1981,2019,Ульяновская область,Руб Миллионер,598000000,5
768,Панова Н. З.,Женщина,1964,1992,Ульяновская область,Руб Миллионер,560000000,13
769,Путин Ф. Г.,Мужчина,2003,2022,Казанская область,Руб Миллионер,735000000,1
770,Гурьянов М. Г.,Мужчина,1950,1977,Ульяновская область,Долл Миллионер,978000000,12
771,Власова Л. О.,Женщина,1990,2022,Ульяновская область,Руб Миллионер,160000000,13
772,Пархомчук Ц. Б.,Мужчина,1986,2022,Ульяновская область,Руб Миллиардер,465000000,9
773,Ханаев Щ. Ю.,Мужчина,2003,2022,Республика Татарстан,Долл Миллиардер,420000000,15
774,Борисова С. И.,Женщина,2002,2022,Ульяновская область,Долл Миллиардер,514000000,1
775,Шестакова Ш. Я.,Женщина,2010,2022,Ульяновская область,Долл Миллиардер,18000000,8
776,Лазарева Н. Я.,Женщина,1979,2022,Казанская область,Руб Миллионер,729000000,2
777,Анисимова Ю. Ш.,Женщина,1983,2022,Ульяновская область,Долл Миллиардер,981000000,4
778,Осипова Э. Ч.,Женщина,1970,1985,Ульяновская область,Руб Миллиардер,959000000,4
779,Большакова С. Т.,Женщина,1960,1989,Казанская область,Руб Миллионер,327000000,11
780,Суворова И. З.,Женщина,1960,1997,Ульяновская область,Руб Миллионер,854000000,7
781,Полубинский Ч. Ё.,Мужчина,2010,2022,Ульяновская область,Руб Миллионер,376000000,3
782,Васько У. В.,Мужчина,1979,2022,Республика Татарстан,Долл Миллиардер,418000000,10
783,Скрипицын Р. Ж.,Мужчина,2003,2022,Республика Татарстан,Долл Миллионер,329000000,14
784,Федотова Ф. Ю.,Женщина,1953,2016,Казанская область,Долл Миллионер,842000000,4
785,Вихарев С. О.,Мужчина,1954,2022,Ульяновская область,Руб Миллионер,516000000,0
786,Смураго Г. С.,Мужчина,1990,2022,Республика Татарстан,Долл Миллионер,932000000,0
787,Панова Й. О.,Женщина,1973,1990,Республика Татарстан,Долл Миллиардер,152000000,15
788,Яцуков Ж. О.,Мужчина,2002,2022,Ульяновская область,Долл Миллионер,158000000,13
789,Николаева Х. Д.,Женщина,1967,2022,Казанская область,Долл Миллиардер,247000000,6
790,Хозин Ц. Ё.,Мужчина,1976,2016,Ульяновская область,Долл Миллионер,364000000,12
791,Денисова Ф. В.,Женщина,2010,2022,Казанская область,Долл Миллиардер,592000000,9
792,Крылова Ю. П.,Женщина,1991,2022,Казанская область,Руб Миллиардер,794000000,0
793,Соболева М. В.,Женщина,1976,2014,Казанская область,Руб Миллионер,732000000,10
794,Исакова Т. Г.,Женщина,1972,1991,Ульяновская область,Руб Миллионер,462000000,6
795,Горталов Ю. Ж.,Мужчина,1958,1975,Республика Татарстан,Долл Миллионер,294000000,13
796,Трехденнов Ш. Х.,Мужчина,1964,2012,Казанская область,Долл Миллиардер,979000000,9
797,Монов Ш. И.,Мужчина,1997,2022,Казанская область,Руб Миллионер,497000000,12
798,Никитина П. Ю.,Женщина,1992,2022,Республика Татарстан,Долл Миллионер,682000000,3
799,Дугин Я. Э.,Мужчина,2003,2022,Ульяновская область,Руб Миллионер,519000000,5
800,Портной Ф. Г.,Мужчина,1953,2022,Республика Татарстан,Руб Миллиардер,402000000,0
801,Калинина Р. Ё.,Женщина,2000,2022,Казанская область,Долл Миллионер,290000000,13
802,Цветкова З. Й.,Женщина,1964,2022,Ульяновская область,Руб Миллионер,78000000,1
803,Улиссов Й. Е.,Мужчина,1998,2022,Казанская область,Руб Миллионер,167000000,4
804,Шибаков Й. Ч.,Мужчина,1996,2011,Республика Татарстан,Руб Миллионер,730000000,13
805,Туровский Э. З.,Мужчина,2006,2022,Ульяновская область,Долл Миллиардер,198000000,6
806,Безладный З. З.,Мужчина,1989,2003,Казанская область,Долл Миллиардер,621000000,11
807,Лазарева З. Ю.,Женщина,1951,1979,Республика Татарстан,Долл Миллиардер,22000000,4
808,Кривачев Ш. Э.,Мужчина,1975,2015,Ульяновская область,Руб Миллиардер,728000000,0
809,Лезгунов Щ. Й.,Мужчина,1953,1967,Казанская область,Долл Миллионер,50000000,10
810,Филлипов З. Г.,Мужчина,1973,2022,Республика Татарстан,Руб Миллионер,156000000,7
811,Галкина Ж. В.,Женщина,1970,2022,Республика Татарстан,Долл Миллиардер,268000000,9
812,Кислов О. П.,Мужчина,1956,1988,Казанская область,Долл Миллионер,370000000,0
813,Опарин Д. С.,Мужчина,1990,2022,Республика Татарстан,Долл Миллиардер,427000000,14
814,Тужилов Щ. Б.,Мужчина,2006,2022,Ульяновская область,Руб Миллиардер,798000000,11
815,Крестинский Ю. П.,Мужчина,1971,1995,Казанская область,Руб Миллиардер,286000000,7
816,Сергеева Р. З.,Женщина,1988,2022,Республика Татарстан,Долл Миллиардер,461000000,8
817,Шестакова Т. Э.,Женщина,2000,2022,Республика Татарстан,Руб Миллионер,533000000,2
818,Погребной Х. Р.,Мужчина,2002,2022,Ульяновская область,Долл Миллионер,337000000,6
819,Харламов Х. Ш.,Мужчина,1978,2022,Казанская область,Руб Миллиардер,318000000,15
820,Домарев О. Ю.,Мужчина,1988,2022,Казанская область,Долл Миллиардер,706000000,9
821,Овчинникова Ш. Л.,Женщина,1959,2018,Казанская область,Долл Миллионер,446000000,11
822,Тимофеева Р. С.,Женщина,1981,2022,Ульяновская область,Руб Миллиардер,53000000,10
823,Ленчик Н. З.,Мужчина,2004,2022,Казанская область,Долл Миллионер,332000000,11
824,Грицко М. Д.,Мужчина,1989,2022,Республика Татарстан,Долл Миллионер,593000000,6
825,Дяченко Я. Ц.,Мужчина,2007,2022,Республика Татарстан,Долл Миллиардер,126000000,3
826,Ершова В. Й.,Женщина,2002,2022,Казанская область,Долл Миллиардер,250000000,13
827,Никифорова В. Ё.,Женщина,1965,2013,Республика Татарстан,Долл Миллионер,564000000,7
828,Погуляев Ю. Ё.,Мужчина,1971,1989,Республика Татарстан,Руб Миллионер,853000000,7
829,Левчаков Щ. И.,Мужчина,1980,1998,Ульяновская область,Руб Миллиардер,296000000,6
830,Курчин Я. И.,Мужчина,1968,2006,Ульяновская область,Руб Миллионер,217000000,1
831,Сергеева Я. Н.,Женщина,1989,2022,Казанская область,Долл Миллиардер,261000000,13
832,Максимова И. Ё.,Женщина,1996,2022,Республика Татарстан,Долл Миллиардер,5000000,6
833,Герасимова И. Й.,Женщина,1977,2004,Казанская область,Долл Миллиардер,628000000,4
834,Половинка Ё. Ё.,Мужчина,2003,2022,Казанская область,Долл Миллионер,458000000,11
835,Маркова З. Я.,Женщина,2004,2022,Ульяновская область,Долл Миллиардер,691000000,0
836,Резщиков Ж. Э.,Мужчина,1953,1998,Казанская область,Долл Миллиардер,231000000,15
837,Веселова Э. Й.,Женщина,1974,2022,Ульяновская область,Долл Миллиардер,169000000,13
838,Рыбчин Ю. Н.,Мужчина,1966,2002,Республика Татарстан,Долл Миллиардер,708000000,14
839,Линев П. Ю.,Мужчина,1987,2008,Казанская область,Руб Миллиардер,457000000,2
840,Колесникова А. Ц.,Женщина,1965,2004,Республика Татарстан,Руб Миллиардер,801000000,1
841,Поповский К. Б.,Мужчина,1964,2022,Ульяновская область,Долл Миллиардер,96000000,12
842,Дорофеева Ж. Ф.,Женщина,1996,2022,Республика Татарстан,Долл Миллионер,843000000,1
843,Осипова П. Л.,Женщина,1960,1980,Республика Татарстан,Руб Миллиардер,621000000,8
844,Карконосов Ж. Б.,Мужчина,1964,2021,Республика Татарстан,Руб Миллионер,638000000,14
845,Фалилеев У. З.,Мужчина,1968,1992,Ульяновская область,Руб Миллионер,148000000,6
846,Кудряшова Й. М.,Женщина,2001,2022,Ульяновская область,Руб Миллиардер,751000000,3
847,Родионова З. Б.,Женщина,1961,1996,Казанская область,Руб Миллионер,363000000,3
848,Данилова З. Ж.,Женщина,1988,2022,Ульяновская область,Руб Миллионер,943000000,12
849,Хрюнин Н. Щ.,Мужчина,2009,2022,Ульяновская область,Долл Миллионер,931000000,15
850,Рыбакова Ё. У.,Женщина,1993,2022,Республика Татарстан,Долл Миллиардер,1000000,0
851,Кондрашов Е. Э.,Мужчина,1958,1990,Республика Татарстан,Долл Миллиардер,60000000,11
852,Кушелев Ф. М.,Мужчина,1977,1995,Республика Татарстан,Руб Миллионер,609000000,13
853,Войцеховский Т. З.,Мужчина,1961,1975,Казанская область,Долл Миллиардер,890000000,14
854,Фокеев Б. Ф.,Мужчина,1981,2006,Казанская область,Руб Миллиардер,154000000,4
855,Борисова Ш. К.,Женщина,1959,2022,Республика Татарстан,Руб Миллиардер,675000000,11
856,Казымов А. Т.,Мужчина,1984,2022,Казанская область,Долл Миллиардер,558000000,12
857,Панова Р. Т.,Женщина,1954,2022,Казанская область,Долл Миллиардер,320000000,4
858,Прохнов А. Я.,Мужчина,1958,2022,Ульяновская область,Руб Миллионер,147000000,15
859,Васненко У. П.,Мужчина,1974,2022,Республика Татарстан,Долл Миллиардер,647000000,9
860,Вальков Ц. П.,Мужчина,1978,2022,Ульяновская область,Долл Миллионер,673000000,4
861,Юхимович Б. Ш.,Мужчина,1963,1996,Республика Татарстан,Долл Миллионер,853000000,9
862,Букреев Г. И.,Мужчина,1954,1981,Республика Татарстан,Долл Миллиардер,881000000,0
863,Андреева Й. Щ.,Женщина,1956,2022,Казанская область,Долл Миллионер,585000000,13
864,Гришуков В. Б.,Мужчина,1993,2014,Ульяновская область,Долл Миллиардер,629000000,13
865,Слюсарь С. С.,Мужчина,2002,2022,Республика Татарстан,Руб Миллиардер,472000000,4
866,Матвеева Р. Ф.,Женщина,1969,2022,Ульяновская область,Долл Миллиардер,343000000,13
867,Файбусович Я. И.,Мужчина,1996,2022,Ульяновская область,Долл Миллионер,144000000,6
868,Яковлева Х. А.,Женщина,1986,2022,Республика Татарстан,Руб Миллиардер,777000000,10
869,Пашаев З. К.,Мужчина,1973,2012,Казанская область,Долл Миллиардер,374000000,5
870,Аксёнова Ф. А.,Женщина,1973,2022,Республика Татарстан,Руб Миллиардер,65000000,5
871,Большакова И. С.,Женщина,1990,2018,Казанская область,Долл Миллиардер,386000000,8
872,Прохорычев Ч. Б.,Мужчина,1981,2008,Республика Татарстан,Долл Миллиардер,213000000,9
873,Лазарева Ж. Щ.,Женщина,1988,2001,Республика Татарстан,Долл Миллионер,952000000,0
874,Маконин В. М.,Мужчина,2002,2022,Ульяновская область,Руб Миллионер,556000000,8
875,Шамардин З. Н.,Мужчина,1997,2022,Ульяновская область,Руб Миллиардер,483000000,8
876,Афанасьева Я. Й.,Женщина,1982,2022,Казанская область,Долл Миллионер,428000000,7
877,Полканов С. Б.,Мужчина,1960,2022,Казанская область,Долл Миллиардер,907000000,0
878,Николаева П. И.,Женщина,1992,2022,Ульяновская область,Руб Миллионер,35000000,7
879,Оплетаев О. Л.,Мужчина,1960,1985,Казанская область,Руб Миллионер,578000000,12
880,Фомина Е. М.,Женщина,1958,2022,Ульяновская область,Долл Миллиардер,944000000,10
881,Попиков О. И.,Мужчина,1998,2022,Казанская область,Долл Миллиардер,324000000,0
882,Уманский Г. Й.,Мужчина,1986,2022,Казанская область,Руб Миллиардер,159000000,15
883,Хлабыстов М. Н.,Мужчина,2001,2016,Казанская область,Долл Миллиардер,577000000,2
884,Давыдова Ф. К.,Женщина,1977,1990,Ульяновская область,Долл Миллиардер,77000000,8
885,Вишня Г. Я.,Мужчина,1978,2022,Казанская область,Долл Миллионер,820000000,13
886,Сергов Щ. Х.,Мужчина,1969,2004,Ульяновская область,Руб Миллиардер,441000000,12
887,Юриков И. Н.,Мужчина,1970,2022,Ульяновская область,Руб Миллионер,575000000,8
888,Малашенко Ю. Х.,Мужчина,2004,2022,Ульяновская область,Руб Миллиардер,571000000,8
889,Селянинов Б. Ё.,Мужчина,1987,2022,Казанская область,Долл Миллиардер,184000000,11
890,Герасимова Х. Ё.,Женщина,1974,2022,Ульяновская область,Долл Миллиардер,443000000,12
891,Тихонова Ж. Ч.,Женщина,1994,2022,Ульяновская область,Руб Миллионер,813000000,6
892,Кудрявцева Е. Э.,Женщина,1978,2022,Казанская область,Долл Миллиардер,34000000,4
893,Анисимова Я. В.,Женщина,1971,2005,Казанская область,Долл Миллиардер,635000000,9
894,Серпухов Л. Ю.,Мужчина,2002,2022,Казанская область,Долл Миллиардер,284000000,15
895,Хоруженко Ц. Я.,Мужчина,1983,2022,Казанская область,Руб Миллионер,196000000,9
896,Лахтанов Д. О.,Мужчина,1963,2022,Республика Татарстан,Руб Миллиардер,495000000,11
897,Бакишев Х. Щ.,Мужчина,1950,2022,Казанская область,Руб Миллиардер,948000000,14
898,Любавский Ж. Щ.,Мужчина,1965,1998,Казанская область,Руб Миллионер,402000000,6
899,Княжнин Л. Ч.,Мужчина,1970,1990,Республика Татарстан,Долл Миллионер,802000000,1
900,Дехтярев К. С.,Мужчина,2009,2022,Казанская область,Руб Миллиардер,518000000,14
901,Аксёнова М. П.,Женщина,1955,2022,Ульяновская область,Руб Миллионер,624000000,8
902,Титова О. Д.,Женщина,1994,2022,Республика Татарстан,Долл Миллиардер,20000000,2
903,Маркова Щ. Р.,Женщина,1982,2022,Ульяновская область,Долл Миллиардер,62000000,5
904,Полубоярцев Ё. А.,Мужчина,1995,2022,Республика Татарстан,Долл Миллионер,398000000,14
905,Белощек В. Ё.,Мужчина,1979,2022,Ульяновская область,Руб Миллионер,208000000,3
906,Перевозников Л. Ю.,Мужчина,1951,1977,Республика Татарстан,Долл Миллионер,409000000,11
907,Исакова Д. Р.,Женщина,1962,2022,Республика Татарстан,Руб Миллионер,722000000,10
908,Шаныгин Й. Б.,Мужчина,1963,2021,Казанская область,Долл Миллионер,951000000,4
909,Ершова О. Ж.,Женщина,2004,2022,Казанская область,Руб Миллионер,752000000,1
910,Веселова Х. Н.,Женщина,1968,1981,Республика Татарстан,Руб Миллионер,730000000,13
911,Шкуратов Е. Х.,Мужчина,1997,2022,Республика Татарстан,Руб Миллиардер,117000000,11
912,Фомина Ш. Д.,Женщина,1963,1992,Казанская область,Руб Миллионер,116000000,12
913,Селезнёва Э. Щ.,Женщина,1959,1989,Ульяновская область,Долл Миллиардер,835000000,9
914,Мухина М. М.,Женщина,1950,2022,Ульяновская область,Руб Миллиардер,722000000,11
915,Комарова А. О.,Женщина,2003,2022,Республика Татарстан,Руб Миллионер,562000000,3
916,Миронова Н. Т.,Женщина,1999,2022,Ульяновская область,Долл Миллионер,867000000,6
917,Калинина Ю. П.,Женщина,1980,2022,Ульяновская область,Руб Миллионер,244000000,0
918,Давыдова Ф. И.,Женщина,1957,2022,Республика Татарстан,Долл Миллиардер,943000000,12
919,Оненко Ц. Р.,Мужчина,1957,2003,Казанская область,Руб Миллиардер,595000000,3
920,Фолков У. Т.,Мужчина,1960,1998,Ульяновская область,Руб Миллионер,682000000,9
921,Чириков О. Д.,Мужчина,1989,2006,Ульяновская область,Долл Миллионер,4000000,13
922,Либин Я. М.,Мужчина,1968,2022,Ульяновская область,Долл Миллиардер,76000000,7
923,Колесникова Р. Ш.,Женщина,1958,2022,Республика Татарстан,Руб Миллионер,879000000,3
924,Кудрявцева Й. Б.,Женщина,1997,2022,Ульяновская область,Руб Миллиардер,985000000,13
925,Власова Ю. Р.,Женщина,1983,1996,Республика Татарстан,Долл Миллиардер,146000000,8
926,Третьякова Ю. О.,Женщина,1994,2022,Республика Татарстан,Руб Миллионер,821000000,7
927,Рыбак Ё. А.,Мужчина,1974,1999,Ульяновская область,Руб Миллиардер,48000000,12
928,Гречищев Р. З.,Мужчина,1951,2022,Ульяновская область,Долл Миллиардер,633000000,3
929,Демидась Л. П.,Мужчина,1978,2022,Казанская область,Долл Миллионер,690000000,11
930,Власова Р. Ш.,Женщина,2008,2022,Республика Татарстан,Руб Миллионер,990000000,11
931,Белоусова Ц. О.,Женщина,1952,1983,Казанская область,Руб Миллионер,129000000,12
932,Кирилов У. Н.,Мужчина,1968,2002,Республика Татарстан,Долл Миллиардер,747000000,4
933,Егорова Э. Р.,Женщина,2010,2022,Казанская область,Руб Миллиардер,757000000,5
934,Юдаков Э. К.,Мужчина,2009,2022,Республика Татарстан,Руб Миллиардер,102000000,15
935,Балабиков У. Ш.,Мужчина,1978,2022,Казанская область,Долл Миллиардер,914000000,5
936,Мелихов Ю. Г.,Мужчина,1957,2015,Казанская область,Руб Миллионер,94000000,6
937,Киселёва Щ. Щ.,Женщина,2005,2022,Республика Татарстан,Руб Миллионер,12000000,1
938,Николаева Ё. З.,Женщина,1959,2022,Республика Татарстан,Долл Миллионер,989000000,0
939,Василечко Е. З.,Мужчина,1970,2022,Ульяновская область,Руб Миллионер,427000000,5
940,Мокрушин Х. Б.,Мужчина,1951,2022,Казанская область,Долл Миллионер,807000000,10
941,Горбунова И. Ц.,Женщина,1988,2022,Казанская область,Руб Миллионер,808000000,1
942,Смурыгин Я. Й.,Мужчина,1989,2022,Ульяновская область,Долл Миллиардер,122000000,10
943,Гумилев Е. П.,Мужчина,1959,2022,Ульяновская область,Долл Миллиардер,860000000,11
944,Скоропись Н. Ч.,Мужчина,1994,2022,Республика Татарстан,Долл Миллиардер,352000000,9
945,Рябова К. А.,Женщина,2000,2018,Казанская область,Долл Миллионер,766000000,8
946,Володич З. Ю.,Мужчина,2010,2022,Республика Татарстан,Долл Миллионер,463000000,6
947,Ковалёва Е. А.,Женщина,1986,2022,Республика Татарстан,Долл Миллиардер,540000000,5
948,Котова Ю. У.,Женщина,2003,2022,Ульяновская область,Долл Миллионер,803000000,10
949,Ничипоров Й. Э.,Мужчина,1994,2022,Республика Татарстан,Долл Миллионер,237000000,0
950,Самолюк О. Р.,Мужчина,1973,2022,Ульяновская область,Долл Миллиардер,715000000,12
951,Герасимова Э. К.,Женщина,1964,1987,Республика Татарстан,Руб Миллионер,885000000,5
952,Коновалова Ч. Ш.,Женщина,1971,2022,Казанская область,Руб Миллиардер,655000000,15
953,Бабин Г. Н.,Мужчина,1966,2022,Казанская область,Долл Миллиардер,909000000,15
954,Власова А. Ё.,Женщина,1999,2022,Казанская область,Долл Миллионер,323000000,6
955,Полякова Х. Н.,Женщина,1998,2022,Республика Татарстан,Долл Миллионер,58000000,1
956,Белозерцев Г. З.,Мужчина,1968,2022,Казанская область,Долл Миллионер,836000000,10
957,Хвостунов Н. Э.,Мужчина,1951,1992,Казанская область,Долл Миллионер,434000000,11
958,Рыбакова Ф. З.,Женщина,1991,2022,Ульяновская область,Руб Миллиардер,687000000,12
959,Дорин М. Ё.,Мужчина,1991,2022,Республика Татарстан,Руб Миллиардер,629000000,9
960,Пелевкин Е. Ц.,Мужчина,1950,2022,Казанская область,Руб Миллиардер,183000000,7
961,Булат Л. Щ.,Мужчина,2004,2022,Республика Татарстан,Руб Миллиардер,990000000,0
962,Тарасова Е. Щ.,Женщина,1954,1994,Ульяновская область,Долл Миллионер,263000000,15
963,Ширяева И. Д.,Женщина,1975,2013,Казанская область,Руб Миллиардер,402000000,1
964,Чекан А. Е.,Мужчина,1989,2015,Республика Татарстан,Долл Миллионер,856000000,14
965,Шеншин В. У.,Мужчина,1991,2008,Республика Татарстан,Долл Миллиардер,393000000,8
966,Архипова Ж. Ж.,Женщина,2004,2022,Казанская область,Долл Миллиардер,936000000,10
967,Горбунова Т. К.,Женщина,1969,2005,Ульяновская область,Руб Миллиардер,858000000,0
968,Дорофеева В. Х.,Женщина,1993,2019,Казанская область,Долл Миллиардер,336000000,4
969,Куткин Ч. Ц.,Мужчина,1958,1976,Республика Татарстан,Долл Миллионер,253000000,1
970,Журавлёва Л. С.,Женщина,1965,1993,Казанская область,Долл Миллионер,732000000,10
971,Орлова М. Й.,Женщина,1951,2022,Ульяновская область,Руб Миллиардер,367000000,15
972,Ходунов Й. Ю.,Мужчина,1973,2008,Республика Татарстан,Руб Миллиардер,620000000,11
973,Пашунин З. Л.,Мужчина,1991,2022,Ульяновская область,Долл Миллиардер,232000000,8
974,Антонова Й. Е.,Женщина,2000,2022,Ульяновская область,Долл Миллиардер,421000000,11
975,Клишанов М. Ё.,Мужчина,1956,2016,Казанская область,Руб Миллиардер,503000000,3
976,Семенченко Л. Ф.,Мужчина,1995,2022,Казанская область,Руб Миллиардер,800000000,0
977,Семенников М. И.,Мужчина,1997,2022,Республика Татарстан,Долл Миллиардер,212000000,10
978,Недочетов Б. И.,Мужчина,1953,2003,Ульяновская область,Руб Миллиардер,824000000,13
979,Вячеславлев Л. Ш.,Мужчина,1988,2001,Казанская область,Долл Миллионер,681000000,11
980,Мехоношин Ц. И.,Мужчина,1993,2022,Казанская область,Руб Миллиардер,592000000,2
981,Яковлева Л. Ё.,Женщина,1992,2022,Республика Татарстан,Долл Миллиардер,773000000,9
982,Коляев Ш. Й.,Мужчина,1998,2022,Ульяновская область,Руб Миллиардер,263000000,2
983,Александрова Л. Я.,Женщина,2002,2022,Республика Татарстан,Долл Миллиардер,864000000,13
984,Говорков П. Ч.,Мужчина,1973,2022,Ульяновская область,Долл Миллионер,387000000,10
985,Анисимова К. Н.,Женщина,1975,2022,Республика Татарстан,Долл Миллионер,392000000,8
986,Максимчук О. Ю.,Мужчина,1991,2022,Ульяновская область,Руб Миллиардер,665000000,6
987,Собольщиков Д. Ч.,Мужчина,1987,2022,Республика Татарстан,Руб Миллиардер,730000000,15
988,Падарин А. Г.,Мужчина,1959,2022,Республика Татарстан,Долл Миллиардер,688000000,14
989,Зуева Р. Н.,Женщина,1961,2022,Казанская область,Долл Миллиардер,458000000,1
990,Горшкова М. А.,Женщина,1972,2009,Казанская область,Долл Миллиардер,643000000,12
991,Метлин А. К.,Мужчина,1996,2013,Казанская область,Руб Миллиардер,291000000,8
992,Кудрявцева К. Т.,Женщина,2010,2022,Республика Татарстан,Руб Миллиардер,933000000,4
993,Лучкай Й. Е.,Мужчина,2001,2022,Ульяновская область,Руб Миллиардер,761000000,14
994,Большакова Е. К.,Женщина,1977,2022,Казанская область,Долл Миллиардер,711000000,12
995,Панькив К. Ч.,Мужчина,1979,1997,Республика Татарстан,Долл Миллионер,360000000,1
996,Фролова Ё. Й.,Женщина,1975,2022,Республика Татарстан,Долл Миллионер,190000000,3
997,Глазырин Ф. Ш.,Мужчина,2005,2022,Казанская область,Руб Миллионер,319000000,4
998,Селезнёва Б. Ц.,Женщина,1985,2022,Ульяновская область,Руб Миллионер,360000000,4
999,Борисова Б. И.,Женщина,2001,2022,Республика Татарстан,Руб Миллиардер,811000000,14
1000,Панова Р. И.,Женщина,1976,2022,Республика Татарстан,Руб Миллиардер,576000000,8
1001,Баранова Щ. Д.,Женщина,1976,1994,Республика Татарстан,Долл Миллионер,408000000,0
1002,Болховитинов Р. Ш.,Мужчина,2006,2022,Республика Татарстан,Долл Миллиардер,359000000,2
1003,Кузьмина Т. С.,Женщина,1982,2013,Ульяновская область,Долл Миллиардер,33000000,12
1004,Косминский Е. У.,Мужчина,1974,2022,Республика Татарстан,Долл Миллионер,847000000,6
1005,Капиносов Ж. Т.,Мужчина,1994,2022,Казанская область,Руб Миллиардер,409000000,0
1006,Коновалова Щ. Л.,Женщина,1989,2022,Казанская область,Долл Миллионер,134000000,7
1007,Савельева М. Э.,Женщина,2008,2022,Республика Татарстан,Руб Миллионер,326000000,3
1008,Блинова Ж. А.,Женщина,1958,2022,Республика Татарстан,Руб Миллионер,86000000,0
1009,Фомина Я. Б.,Женщина,1994,2020,Казанская область,Руб Миллиардер,116000000,1
1010,Голоушкин В. Л.,Мужчина,1966,2022,Республика Татарстан,Руб Миллиардер,146000000,3
1011,Комшилов Н. Я.,Мужчина,1960,2022,Казанская область,Руб Миллионер,8000000,6
1012,Карпова Е. Е.,Женщина,1962,2022,Республика Татарстан,Руб Миллионер,18000000,13
1013,Удобин Я. Х.,Мужчина,1985,2022,Казанская область,Руб Миллиардер,164000000,2
1014,Титарчук П. Ш.,Мужчина,1979,2022,Ульяновская область,Руб Миллиардер,152000000,3
1015,Пиньгин Ш. И.,Мужчина,1985,2010,Казанская область,Руб Миллиардер,849000000,13
1016,Медведева Щ. Ф.,Женщина,2003,2022,Ульяновская область,Долл Миллиардер,227000000,15
1017,Герасимова Н. Ч.,Женщина,1999,2013,Ульяновская область,Долл Миллионер,407000000,11
1018,Коновалова З. Я.,Женщина,1973,2006,Казанская область,Долл Миллионер,102000000,11
1019,Гашунин И. Ф.,Мужчина,1999,2022,Казанская область,Долл Миллиардер,198000000,1
1020,Галкина У. Д.,Женщина,1989,2014,Казанская область,Руб Миллиардер,127000000,15
1021,Емельянова У. К.,Женщина,1984,2022,Ульяновская область,Долл Миллионер,600000000,7
1022,Бархотов О. Ж.,Мужчина,2002,2022,Республика Татарстан,Руб Миллионер,919000000,7
1023,Королёва С. Й.,Женщина,1955,2016,Казанская область,Руб Миллионер,580000000,3
1024,Егорова Ш. Ю.,Женщина,1968,2022,Казанская область,Долл Миллионер,62000000,4
1025,Павлюхин Ё. З.,Мужчина,1994,2019,Казанская область,Руб Миллиардер,711000000,10
1026,Панова Ц. А.,Женщина,2003,2022,Республика Татарстан,Руб Миллионер,371000000,13
1027,Ромадинов Ё. Э.,Мужчина,1951,2022,Республика Татарстан,Руб Миллионер,868000000,6
1028,Тарасова О. В.,Женщина,1976,2022,Казанская область,Долл Миллионер,806000000,5
1029,Маркова З. Р.,Женщина,1956,1993,Ульяновская область,Долл Миллиардер,632000000,13
1030,Никифорова Ж. Ш.,Женщина,1963,2013,Ульяновская область,Руб Миллионер,427000000,3
1031,Селифонтов Н. Щ.,Мужчина,1997,2022,Ульяновская область,Руб Миллиардер,915000000,2
1032,Куличков У. Э.,Мужчина,1989,2022,Ульяновская область,Руб Миллионер,305000000,4
1033,Копейкин Ш. Л.,Мужчина,1990,2022,Казанская область,Долл Миллионер,635000000,6
1034,Шестакова Я. Р.,Женщина,2000,2022,Казанская область,Руб Миллионер,374000000,13
1035,Цаплин А. А.,Мужчина,1969,1997,Ульяновская область,Руб Миллиардер,85000000,6
1036,Щербакова Г. Ш.,Женщина,1996,2022,Республика Татарстан,Долл Миллионер,688000000,0
1037,Цыбиков А. Й.,Мужчина,1982,2011,Казанская область,Долл Миллионер,115000000,12
1038,Трусимов Ю. У.,Мужчина,1979,2008,Республика Татарстан,Руб Миллионер,190000000,10
1039,Калманов Г. Б.,Мужчина,2001,2022,Казанская область,Долл Миллиардер,83000000,1
1040,Полейчук Ц. А.,Мужчина,1981,2022,Казанская область,Руб Миллиардер,23000000,0
1041,Слабнов Л. П.,Мужчина,1956,1983,Казанская область,Руб Миллионер,713000000,13
1042,Соболева Е. В.,Женщина,2004,2022,Республика Татарстан,Руб Миллиардер,360000000,9
1043,Подчерняев Ю. У.,Мужчина,1966,1993,Ульяновская область,Долл Миллиардер,664000000,5
1044,Чугунов Я. И.,Мужчина,1956,1999,Ульяновская область,Долл Миллионер,108000000,6
1045,Мелащенко Ф. О.,Мужчина,2002,2022,Республика Татарстан,Долл Миллиардер,641000000,2
1046,Карпова П. Ш.,Женщина,1986,2011,Республика Татарстан,Руб Миллиардер,757000000,11
1047,Грунин О. Э.,Мужчина,1951,2022,Ульяновская область,Долл Миллиардер,271000000,13
1048,Рудометов Э. К.,Мужчина,2003,2022,Казанская область,Руб Миллиардер,778000000,5
1049,Шильцов З. Е.,Мужчина,1992,2022,Республика Татарстан,Долл Миллионер,929000000,2
1050,Блинова Н. Э.,Женщина,1956,1979,Казанская область,Руб Миллиардер,114000000,10
1051,Колыганов Ж. У.,Мужчина,1988,2022,Казанская область,Руб Миллиардер,505000000,4
1052,Кузьмина В. С.,Женщина,1953,2022,Ульяновская область,Долл Миллиардер,794000000,14
1053,Гусев Й. Ю.,Мужчина,1984,2022,Казанская область,Долл Миллиардер,179000000,1
1054,Комарова Щ. О.,Женщина,1983,2012,Республика Татарстан,Долл Миллионер,616000000,12
1055,Галкина Х. П.,Женщина,2004,2022,Казанская область,Долл Миллионер,73000000,13
1056,Максименок С. В.,Мужчина,1987,2022,Казанская область,Руб Миллиардер,524000000,6
